"ID","claw_size","carapace_size","claw_type","carapace_color","autotomy","autotomy_latency","autotomy_trial","autotomy_exp_type","force1","force2","force3","max_force","weight_mg","weight_g","data"
"ll_01",21.56,10.72,"brachy","b","no",NA,NA,"by_time",1.83,0.01,1.88,1.88,0.0887,88.7,"14iv2022"
"ll_02",18.78,9.52,"lepto","b","no",NA,NA,"by_time",0.24,0,0.01,0.24,0.0554,55.4,"14iv2022"
"ll_03",17.18,9.12,"brachy","b","yes",26,NA,"by_time",2.1,1.16,4.81,4.81,0.0476,47.6,"14iv2022"
"ll_04",17.28,9.19,"brachy","b","yes",13,NA,"by_time",3.71,1.55,0.1,3.71,0.0598,59.8,"14iv2022"
"ll_05",17.41,9.66,"brachy","b","yes",26,NA,"by_time",0.1,0.1,5.48,5.48,0.0541,54.1,"14iv2022"
"ll_06",13.02,7.71,"brachy","b","yes",38,NA,"by_time",0.8,0.6,0.01,0.8,0.0303,30.3,"14iv2022"
"ll_07",15.99,8.48,"brachy","b","yes",9,NA,"by_time",0.05,6.22,0.05,6.22,0.0459,45.9,"14iv2022"
"ll_08",15.23,7.84,"brachy","b","yes",22,NA,"by_time",2.08,1.56,1.25,2.08,0.0345,34.5,"14iv2022"
"ll_09",16.07,9.23,"brachy","b","no",NA,NA,"by_time",1.77,0.3,0.27,1.77,0.042,42,"14iv2022"
"ll_10",18.1,9.05,"brachy","b","yes",0,NA,"by_time",9.38,0,0,9.38,0.0634,63.4,"14iv2022"
"ll_11",19.09,9.15,"brachy","e","yes",22,NA,"by_time",0.1,0.17,0.25,0.25,0.0607,60.7,"14iv2022"
"ll_12",15.68,8.67,"brachy","e","yes",9,NA,"by_time",0.75,0.72,0.04,0.75,0.0313,31.3,"14iv2022"
"ll_13",19.07,10.09,"brachy","e","no",NA,NA,"by_time",3.74,0.14,2.72,3.74,0.0782,78.2,"14iv2022"
"ll_14",20.53,9.89,"brachy","e","yes",27,NA,"by_time",0.57,0.67,0.5,0.67,0.0529,52.9,"14iv2022"
"ll_15",19.88,9.91,"brachy","e","no",NA,NA,"by_time",2.91,3.67,1.19,3.67,0.0769,76.9,"14iv2022"
"ll_16",20.4,10.02,"brachy","e","yes",13,NA,"by_time",1.92,1.92,0.02,1.92,0.0772,77.2,"14iv2022"
"ll_17",20.17,10.26,"lepto","e","yes",12,NA,"by_time",0.02,0.05,2.26,2.26,0.0439,43.9,"14iv2022"
"ll_18",17.53,9.59,"lepto","e","yes",8,NA,"by_time",0.01,1.17,0.28,1.17,0.0388,38.8,"14iv2022"
"ll_19",13.24,8.26,"brachy","e","yes",12,NA,"by_time",0.02,0.04,0.07,0.07,0.0179,17.9,"14iv2022"
"ll_20",13.7,8.1,"brachy","e","yes",60,NA,"by_time",0.84,2.02,2.22,2.22,0.0336,33.6,"14iv2022"
"ll_21",18.85,8.81,"brachy","b","yes",60,NA,"by_time",3.05,2.52,4.78,4.78,0.0613,61.3,"14iv2022"
"ll_22",16.99,10.46,"lepto","e","yes",8,NA,"by_time",3.62,0.21,1.45,3.62,0.0442,44.2,"14iv2022"
"ll_23",13.18,8.39,"brachy","b","yes",13,NA,"by_time",4.34,0.46,0.05,4.34,0.0314,31.4,"14iv2022"
"ll_24",15.9,8.68,"brachy","e","yes",2,NA,"by_time",0.88,0.83,0.61,0.88,0.0343,34.3,"14iv2022"
"ll_25",11.37,7.87,"brachy","b","yes",21,NA,"by_time",0.15,0.07,0.04,0.15,0.024,24,"14iv2022"
"ll_26",10.76,7.28,"lepto","e","yes",8,NA,"by_time",0.48,0.15,0.04,0.48,0.0162,16.2,"14iv2022"
"ll_27",13.09,7.53,"brachy","b","yes",53,NA,"by_time",2.87,4.6,0.05,4.6,0.0278,27.8,"14iv2022"
"ll_28",15.1,9.1,"brachy","b","no",NA,NA,"by_time",5.57,3.36,0.04,5.57,0.0475,47.5,"15iv2022"
"ll_29",22.25,11.17,"lepto","e","no",NA,NA,"by_time",0.14,0.01,0.02,0.14,0.05,50,"15iv2022"
"ll_30",16.95,9,"brachy","b","no",NA,NA,"by_time",2.73,2.78,1.89,2.78,0.0538,53.8,"15iv2022"
"ll_31",21.93,10.69,"brachy","e","no",NA,NA,"by_time",0.31,0.51,0.29,0.51,0.0424,42.4,"15iv2022"
"ll_32",19.66,10.05,"brachy","b","no",NA,NA,"by_time",10.09,0.11,3.02,10.09,0.0663,66.3,"15iv2022"
"ll_33",22.22,10.6,"brachy","e","no",NA,NA,"by_time",0.08,0.1,0.1,0.1,0.0617,61.7,"15iv2022"
"ll_34",19.32,9.41,"brachy","b","no",NA,NA,"by_time",8.3,0.6,3.72,8.3,0.0756,75.6,"15iv2022"
"ll_35",19.5,9.77,"brachy","e","no",NA,NA,"by_time",0.7,1.65,1.83,1.83,0.0588,58.8,"15iv2022"
"ll_36",18.91,9.81,"brachy","b","no",NA,NA,"by_time",0.25,0.15,0.11,0.25,0.0747,74.7,"15iv2022"
"ll_37",19.46,10.59,"brachy","e","no",NA,NA,"by_time",5.47,0.2,0.08,5.47,0.06,60,"15iv2022"
"ll_38",16.56,8.78,"brachy","b","no",NA,NA,"by_time",8.56,8.58,0.03,8.58,0.0587,58.7,"15iv2022"
"ll_39",17.79,9.29,"brachy","e","no",NA,NA,"by_time",12.54,1.3,0.01,12.54,0.0622,62.2,"15iv2022"
"ll_40",20.5,10.55,"brachy","b","no",NA,NA,"by_time",1.24,2.62,2.99,2.99,0.0799,79.9,"15iv2022"
"ll_41",17.4,9.63,"brachy","e","no",NA,NA,"by_time",3.12,0.04,0.06,3.12,0.0514,51.4,"15iv2022"
"ll_42",17.71,9.24,"brachy","b","no",NA,NA,"by_time",0.31,0.34,0.005,0.34,0.0586,58.6,"15iv2022"
"ll_43",18.65,10.85,"brachy","e","no",NA,NA,"by_time",0.05,8.34,0.97,8.34,0.0628,62.8,"15iv2022"
"ll_44",14.97,9.04,"brachy","b","no",NA,NA,"by_time",1.5,0.2,0.1,1.5,0.0452,45.2,"15iv2022"
"ll_45",14.61,9.22,"brachy","e","no",NA,NA,"by_time",1.39,0.06,0,1.39,0.03,30,"15iv2022"
"ll_46",18.09,9.58,"brachy","b","no",NA,NA,"by_time",4.08,3.3,0.03,4.08,0.0764,76.4,"15iv2022"
"ll_47",18.1,9.71,"brachy","e","no",NA,NA,"by_time",0.06,0.2,0.67,0.67,0.0543,54.3,"15iv2022"
"ll_48",19.2,10.12,"brachy","b","yes",58,NA,"by_time",0.03,0.03,0.01,0.03,0.0688,68.8,"15iv2022"
"ll_49",15.51,8.92,"lepto","e","yes",59,NA,"by_time",0.41,0.16,0.12,0.41,0.0374,37.4,"15iv2022"
"ll_50",16.63,9.28,"brachy","b","no",NA,NA,"by_time",0.06,0.35,0.1,0.35,0.0367,36.7,"15iv2022"
"ll_51",13.36,8.45,"lepto","e","no",NA,NA,"by_time",0.08,0.02,0.11,0.11,0.0218,21.8,"15iv2022"
"ll_52",12.33,7.97,"brachy","b","no",NA,NA,"by_time",0.36,2.3,0.03,2.3,0.0268,26.8,"15iv2022"
"ll_53",12.61,8.1,"brachy","e","no",NA,NA,"by_time",0.48,1.2,0.6,1.2,0.027,27,"15iv2022"
"ll_54",18.09,9.65,"brachy","b","no",NA,NA,"by_time",0.11,2.73,0.08,2.73,0.0592,59.2,"15iv2022"
"ll_55",14.99,8.98,"brachy","e","no",NA,NA,"by_time",5.72,0.33,5.61,5.72,0.0404,40.4,"15iv2022"
"ll_56",16.48,9.11,"brachy","b","no",NA,NA,"by_time",0.02,0.008,0.01,0.02,0.0513,51.3,"15iv2022"
"ll_57",12.05,9.15,"brachy","e","no",NA,NA,"by_time",1.59,2.34,0.06,2.34,0.0333,33.3,"15iv2022"
"ll_58",19.98,9.93,"brachy","b","no",NA,NA,"by_time",4.54,0.51,0.43,4.54,0.0718,71.8,"17iv2022"
"ll_59",18.25,9.51,"brachy","e","no",NA,NA,"by_time",0.53,0.49,0.59,0.59,0.0618,61.8,"17iv2022"
"ll_60",15.24,8.85,"brachy","b","no",NA,NA,"by_time",1.31,0.45,0.08,1.31,0.0433,43.3,"17iv2022"
"ll_61",19.23,9.15,"brachy","e","no",NA,NA,"by_time",0.63,0.06,0.01,0.63,0.037,37,"17iv2022"
"ll_62",16.75,9.03,"brachy","b","no",NA,NA,"by_time",1.53,0.3,0.83,1.53,0.0504,50.4,"17iv2022"
"ll_63",19.53,9.4,"brachy","e","no",NA,NA,"by_time",5.11,0.51,0.09,5.11,0.0549,54.9,"17iv2022"
"ll_64",15.61,9,"brachy","b","no",NA,NA,"by_time",0.004,0.07,0.02,0.07,0.0453,45.3,"17iv2022"
"ll_65",16.99,8.63,"brachy","e","no",NA,NA,"by_time",5.07,0.33,0.34,5.07,0.056,56,"17iv2022"
"ll_66",13.02,8.55,"lepto","b","no",NA,NA,"by_time",0.68,0.11,0.03,0.68,0.0276,27.6,"17iv2022"
"ll_67",19.13,9.95,"brachy","e","no",NA,NA,"by_time",0.04,5.39,0.29,5.39,0.0557,55.7,"17iv2022"
"ll_68",16.52,9.16,"brachy","b","no",NA,NA,"by_time",5.02,0.59,0.01,5.02,0.0396,39.6,"17iv2022"
"ll_69",15.82,8.61,"brachy","e","no",NA,NA,"by_time",0.45,0.53,0.12,0.53,0.0298,29.8,"17iv2022"
"ll_70",16.68,8.43,"brachy","b","no",NA,NA,"by_time",2.64,0,0.04,2.64,0.0577,57.7,"17iv2022"
"ll_71",18.14,9.08,"brachy","e","no",NA,NA,"by_time",4.5,0.22,0.01,4.5,0.0527,52.7,"17iv2022"
"ll_72",13.2,7.82,"brachy","b","yes",0,NA,"by_time",0.41,0.23,0,0.41,0.0298,29.8,"17iv2022"
"ll_73",16.41,9.33,"brachy","e","no",NA,NA,"by_time",8.82,0.56,0.01,8.82,0.0494,49.4,"17iv2022"
"ll_74",13.1,7.56,"brachy","b","no",NA,NA,"by_time",1.98,0.22,0.07,1.98,0.0337,33.7,"17iv2022"
"ll_75",16.36,8.9,"brachy","e","no",NA,NA,"by_time",2.82,0.75,0.32,2.82,0.0479,47.9,"17iv2022"
"ll_76",14.06,7.93,"brachy","b","no",NA,NA,"by_time",0.06,0.01,0,0.06,0.0324,32.4,"17iv2022"
"ll_77",12.82,8.54,"brachy","e","no",NA,NA,"by_time",0.07,1.17,0.13,1.17,0.0257,25.7,"17iv2022"
"ll_78",12.4,7.94,"brachy","b","no",NA,NA,"by_time",0.2,0.25,0.08,0.25,0.0298,29.8,"17iv2022"
"ll_79",13.12,8.33,"brachy","e","no",NA,NA,"by_time",3.63,0.23,0.06,3.63,0.0354,35.4,"17iv2022"
"ll_80",10.76,7.88,"brachy","b","no",NA,NA,"by_time",1.43,0.02,0.05,1.43,0.0236,23.6,"17iv2022"
"ll_81",20.22,10.66,"brachy","e","no",NA,NA,"by_time",7.52,0.35,0.03,7.52,0.0677,67.7,"30iv2022"
"ll_82",21.18,10.45,"brachy","b","no",NA,NA,"by_time",2.7,0.07,0.57,2.7,0.0903,90.3,"30iv2022"
"ll_83",21.13,10.98,"brachy","e","no",NA,NA,"by_time",8.29,1.93,6.5,8.29,0.0837,83.7,"30iv2022"
"ll_84",19.75,9.61,"brachy","b","no",NA,NA,"by_time",1.98,0.04,0.07,1.98,0.0744,74.4,"30iv2022"
"ll_85",17.28,9.22,"brachy","e","no",NA,NA,"by_time",11.19,0.2,0.14,11.19,0.0627,62.7,"30iv2022"
"ll_86",20.29,10.39,"brachy","b","no",NA,NA,"by_time",1.22,0.2,0.4,1.22,0.0766,76.6,"30iv2022"
"ll_87",21.67,11,"brachy","e","no",NA,NA,"by_time",1.89,2,0.09,2,0.0721,72.1,"30iv2022"
"ll_88",19.69,9.86,"brachy","b","no",NA,NA,"by_time",0.1,3.36,0.76,3.36,0.0795,79.5,"30iv2022"
"ll_89",20.07,10.1,"brachy","e","no",NA,NA,"by_time",0.07,4.94,1.72,4.94,0.0671,67.1,"30iv2022"
"ll_90",19.18,10.55,"lepto","b","no",NA,NA,"by_time",0.13,0.19,0.03,0.19,0.0483,48.3,"30iv2022"
"ll_91",17.35,8.99,"brachy","e","no",NA,NA,"by_time",7.95,0.18,0.02,7.95,0.0535,53.5,"30iv2022"
"ll_92",20.16,9.87,"brachy","b","no",NA,NA,"by_time",10.95,0.09,4.12,10.95,0.062,62,"30iv2022"
"ll_93",20.73,10.2,"lepto","e","no",NA,NA,"by_time",1.65,1.88,0.09,1.88,0.0584,58.4,"30iv2022"
"ll_94",18.07,9.49,"brachy","b","yes",58,NA,"by_time",0.05,0.06,0.05,0.06,0.0721,72.1,"30iv2022"
"ll_95",15.97,9.49,"brachy","e","no",NA,NA,"by_time",4.6,1.47,3.5,4.6,0.0472,47.2,"30iv2022"
"ll_96",19.9,9.72,"brachy","b","no",NA,NA,"by_time",15.03,3.92,23.01,23.01,0.0836,83.6,"30iv2022"
"ll_97",14.93,9.2,"brachy","e","no",NA,NA,"by_time",7.66,0.04,3.85,7.66,0.0393,39.3,"30iv2022"
"ll_98",18.01,10.01,"brachy","b","no",NA,NA,"by_time",1.73,0.03,0.66,1.73,0.0481,48.1,"30iv2022"
"ll_99",17.2,9.99,"brachy","e","no",NA,NA,"by_time",5.97,1.56,0.82,5.97,0.0387,38.7,"30iv2022"
"ll_100",16.52,8.5,"brachy","b","no",NA,NA,"by_time",1.14,0.05,10.44,10.44,0.0467,46.7,"30iv2022"
"ll_101",13.76,8.39,"brachy","e","yes",58,NA,"by_time",0.66,0.34,0.41,0.66,0.0339,33.9,"30iv2022"
"ll_102",15.51,8.81,"brachy","b","no",NA,NA,"by_time",6.18,0.16,0.23,6.18,0.0433,43.3,"30iv2022"
"ll_103",18.8,9.93,"brachy","e","no",NA,NA,"by_time",0.02,0.02,6.98,6.98,0.0636,63.6,"01v2022"
"ll_104",19.64,9.81,"brachy","b","no",NA,NA,"by_time",2.1,0.54,0.08,2.1,0.0683,68.3,"01v2022"
"ll_105",15.01,8.04,"brachy","e","no",NA,NA,"by_time",0.64,0.2,0.11,0.64,0.0394,39.4,"01v2022"
"ll_106",18.24,9.69,"brachy","b","no",NA,NA,"by_time",0.62,0.5,0.19,0.62,0.0547,54.7,"01v2022"
"ll_107",18.44,9.83,"brachy","e","yes",1,NA,"by_time",11.41,0.13,7.29,11.41,0.0635,63.5,"01v2022"
"ll_108",12.9,9.98,"lepto","b","no",NA,NA,"by_time",0.01,0.02,0.04,0.04,0.0147,14.7,"01v2022"
"ll_109",16,9.06,"brachy","e","no",NA,NA,"by_time",4.23,2.7,0.1,4.23,0.0384,38.4,"01v2022"
"ll_110",12.04,10.26,"lepto","b","no",NA,NA,"by_time",0.29,0.18,0.03,0.29,0.0214,21.4,"01v2022"
"ll_111",20.61,10.05,"brachy","e","no",NA,NA,"by_time",2.34,0.47,0.06,2.34,0.0733,73.3,"01v2022"
"ll_112",20.14,9.67,"brachy","b","no",NA,NA,"by_time",0.45,0.16,0.04,0.45,0.0604,60.4,"01v2022"
"ll_113",13.82,8.58,"brachy","e","no",NA,NA,"by_time",5.12,0.08,NA,5.12,0.0344,34.4,"01v2022"
"ll_114",15.27,8.13,"brachy","b","no",NA,NA,"by_time",1.44,0.2,0.49,1.44,0.0327,32.7,"01v2022"
"ll_115",17.52,10.01,"brachy","e","no",NA,NA,"by_time",6.89,4.02,10.38,10.38,0.0474,47.4,"01v2022"
"ll_116",17.41,8.93,"brachy","b","no",NA,NA,"by_time",3.03,0.23,0.28,3.03,0.0627,62.7,"01v2022"
"ll_117",16.52,8.98,"brachy","e","no",NA,NA,"by_time",0.18,0.21,0.11,0.21,0.036,36,"01v2022"
"ll_118",15.05,9.05,"brachy","b","no",NA,NA,"by_time",2.1,0.59,0.54,2.1,0.0392,39.2,"01v2022"
"ll_119",15.05,8.44,"brachy","e","no",NA,NA,"by_time",5.97,2.77,0.37,5.97,0.0398,39.8,"01v2022"
"ll_120",16.74,9.3,"brachy","b","no",NA,NA,"by_time",4.32,0.64,1.56,4.32,0.065,65,"01v2022"
"ll_121",16.86,10.18,"lepto","e","no",NA,NA,"by_time",1.03,2.35,0.54,2.35,0.0497,49.7,"01v2022"
"ll_122",13.4,7.86,"brachy","b","no",NA,NA,"by_time",3.55,1.35,3.73,3.73,0.036,36,"01v2022"
"ll_123",17.23,9.01,"brachy","e","no",NA,NA,"by_time",0.32,0.27,0.35,0.35,0.0349,34.9,"01v2022"
"ll_124",19.73,10,"brachy","b","no",NA,NA,"by_time",0.14,9.78,0.25,9.78,0.0681,68.1,"02v2022"
"ll_125",19.2,9.45,"brachy","e","no",NA,NA,"by_time",0.28,6.11,3.32,6.11,0.062,62,"02v2022"
"ll_126",18.47,9.81,"lepto","b","no",NA,NA,"by_time",1.31,0.98,0.5,1.31,0.049,49,"02v2022"
"ll_127",20.63,9.95,"brachy","e","no",NA,NA,"by_time",1.19,2.87,0.37,2.87,0.0663,66.3,"02v2022"
"ll_128",18.15,9.47,"brachy","b","no",NA,NA,"by_time",2.67,1.79,9.63,9.63,0.0694,69.4,"02v2022"
"ll_129",17.03,9.61,"brachy","e","no",NA,NA,"by_time",0.28,0.28,4.32,4.32,0.0501,50.1,"02v2022"
"ll_130",18.24,8.93,"brachy","b","no",NA,NA,"by_time",4.68,0.23,0.1,4.68,0.0524,52.4,"02v2022"
"ll_131",16.34,9.04,"lepto","e","no",NA,NA,"by_time",0.11,0.04,0.05,0.11,0.0416,41.6,"02v2022"
"ll_132",16.53,10.03,"brachy","b","no",NA,NA,"by_time",0.18,0.47,2.22,2.22,0.0379,37.9,"02v2022"
"ll_133",17.07,9.18,"brachy","e","no",NA,NA,"by_time",9.25,2.32,5.75,9.25,0.0484,48.4,"02v2022"
"ll_134",18.06,9.41,"brachy","b","no",NA,NA,"by_time",3,10.94,4.41,10.94,0.0563,56.3,"02v2022"
"ll_135",22.69,11.84,"brachy","e","no",NA,NA,"by_time",1.49,1.28,0.19,1.49,0.1104,110.4,"02v2022"
"ll_136",17.48,10.07,"brachy","b","no",NA,NA,"by_time",8.63,0.56,2.83,8.63,0.0687,68.7,"02v2022"
"ll_137",19.41,9.55,"brachy","e","no",NA,NA,"by_time",2.78,3.79,2.65,3.79,0.0608,60.8,"02v2022"
"ll_138",20.63,9.59,"brachy","b","no",NA,NA,"by_time",14.27,12.52,0.15,14.27,0.0786,78.6,"13vi2022"
"ll_139",14.87,8.88,"brachy","e","no",NA,NA,"by_time",2.19,5.19,0.05,5.19,0.0438,43.8,"13vi2022"
"ll_140",20.82,10.34,"brachy","b","no",NA,NA,"by_time",3.14,15.17,0.69,15.17,0.0793,79.3,"13vi2022"
"ll_141",16.79,10.19,"lepto","e","no",NA,NA,"by_time",0.07,0.1,0.22,0.22,0.0241,24.1,"13vi2022"
"ll_142",18.82,9.38,"brachy","b","no",NA,NA,"by_time",3.02,9.69,10.69,10.69,0.0667,66.7,"13vi2022"
"ll_143",17.2,9.39,"brachy","e","no",NA,NA,"by_time",8.63,1,0.04,8.63,0.0554,55.4,"13vi2022"
"ll_144",17.92,9.87,"brachy","b","no",NA,NA,"by_time",0.8,1,0.04,1,0.0614,61.4,"13vi2022"
"ll_145",20.61,10.15,"lepto","e","no",NA,NA,"by_time",0.05,0.04,0.06,0.06,0.0208,20.8,"13vi2022"
"ll_146",19.21,9.95,"brachy","b","no",NA,NA,"by_time",3.58,0.88,0.12,3.58,0.0717,71.7,"13vi2022"
"ll_147",15.44,9.83,"lepto","e","no",NA,NA,"by_time",2.22,0.42,0.07,2.22,0.0313,31.3,"13vi2022"
"ll_148",19.16,10.05,"brachy","b","no",NA,NA,"by_time",11.26,7.62,0.1,11.26,0.0736,73.6,"13vi2022"
"ll_149",21.79,10.65,"lepto","e","no",NA,NA,"by_time",0.29,0.18,0.05,0.29,0.0424,42.4,"13vi2022"
"ll_150",18.54,9.9,"lepto","b","no",NA,NA,"by_time",1.51,0.11,0.07,1.51,0.0494,49.4,"13vi2022"
"ll_151",18.84,9.87,"brachy","e","no",NA,NA,"by_time",5.23,0.75,8.63,8.63,0.061,61,"13vi2022"
"ll_152",18.3,9.33,"lepto","b","no",NA,NA,"by_time",0.87,0.14,4.2,4.2,0.0488,48.8,"13vi2022"
"ll_153",18.47,9.56,"brachy","e","no",NA,NA,"by_time",0.11,0.13,0.09,0.13,0.0187,18.7,"13vi2022"
"ll_154",17.33,9.8,"brachy","b","yes",28,NA,"by_time",8.88,8.77,9.04,9.04,0.0508,50.8,"13vi2022"
"ll_155",17.38,9.09,"brachy","e","no",NA,NA,"by_time",0.2,0.11,0.1,0.2,0.0251,25.1,"13vi2022"
"ll_156",23.05,10.5,"brachy","b","no",NA,NA,"by_time",1.6,0.45,0.21,1.6,0.0874,87.4,"14vi2022"
"ll_157",18.14,10.65,"brachy","e","no",NA,NA,"by_time",9.44,0.72,0.09,9.44,0.0651,65.1,"14vi2022"
"ll_158",22.37,10.16,"brachy","b","no",NA,NA,"by_time",2.1,0.57,0.19,2.1,0.0795,79.5,"14vi2022"
"ll_159",21.1,10.51,"brachy","e","no",NA,NA,"by_time",0.94,0.58,1,1,0.07,70,"14vi2022"
"ll_160",20.15,10.49,"brachy","b","no",NA,NA,"by_time",14.55,0.17,0.38,14.55,0.0681,68.1,"14vi2022"
"ll_161",18.5,10.06,"lepto","e","no",NA,NA,"by_time",1.1,0.33,0.03,1.1,0.0504,50.4,"14vi2022"
"ll_162",20.78,9.94,"brachy","b","yes",60,NA,"by_time",7.88,2.21,3.09,7.88,0.0718,71.8,"14vi2022"
"ll_163",19.58,10.36,"brachy","e","no",NA,NA,"by_time",7.52,1.51,0.22,7.52,0.0697,69.7,"14vi2022"
"ll_164",18.7,9.13,"brachy","b","no",NA,NA,"by_time",7.4,4.84,0.01,7.4,0.0651,65.1,"14vi2022"
"ll_165",18.44,9.58,"brachy","e","no",NA,NA,"by_time",7.58,0.54,0.54,7.58,0.0505,50.5,"14vi2022"
"ll_166",17.44,9.2,"brachy","b","no",NA,NA,"by_time",3.6,1.75,0.35,3.6,0.0572,57.2,"14vi2022"
"ll_167",20.86,10.46,"lepto","e","no",NA,NA,"by_time",0.6,0.45,0.46,0.6,0.0571,57.1,"14vi2022"
"ll_168",20.2,10.87,"lepto","b","no",NA,NA,"by_time",2.19,1.09,1.05,2.19,0.0571,57.1,"14vi2022"
"ll_169",20.32,10.06,"brachy","e","no",NA,NA,"by_time",7.53,1.65,0.19,7.53,0.0504,50.4,"14vi2022"
"ll_170",21.94,10.26,"lepto","b","no",NA,NA,"by_time",2.35,3.94,0.83,3.94,0.0617,61.7,"14vi2022"
"ll_171",19.76,10.36,"brachy","e","no",NA,NA,"by_time",4.57,0.36,0.32,4.57,0.0543,54.3,"14vi2022"
"ll_172",19.01,8.59,"brachy","b","no",NA,NA,"by_time",2.9,1.95,8.04,8.04,0.055,55,"14vi2022"
"ll_173",16.5,9.07,"brachy","e","no",NA,NA,"by_time",3.04,7.76,2.89,7.76,0.0387,38.7,"14vi2022"
"ll_174",20.04,10.68,"lepto","b","no",NA,NA,"by_time",2.22,0.41,0.21,2.22,0.0535,53.5,"15vi2022"
"ll_175",21.14,10.22,"brachy","e","no",NA,NA,"by_time",0.29,0.19,0.09,0.29,0.0602,60.2,"15vi2022"
"ll_176",20.72,10.32,"brachy","b","no",NA,NA,"by_time",3.27,7.47,0.78,7.47,0.0681,68.1,"15vi2022"
"ll_177",19.07,9.92,"brachy","e","no",NA,NA,"by_time",7.15,0.18,0.06,7.15,0.0533,53.3,"15vi2022"
"ll_178",22.34,10.56,"lepto","b","no",NA,NA,"by_time",3.79,0.3,0.88,3.79,0.0543,54.3,"15vi2022"
"ll_179",18.07,9.29,"brachy","e","no",NA,NA,"by_time",0.49,0.93,0.46,0.93,0.0308,30.8,"15vi2022"
"ll_180",17.98,9.26,"brachy","b","no",NA,NA,"by_time",6.43,1.14,4.41,6.43,0.0558,55.8,"15vi2022"
"ll_181",17.92,9.31,"brachy","e","no",NA,NA,"by_time",3.41,0.66,0.35,3.41,0.0515,51.5,"15vi2022"
"ll_182",21.04,10.48,"brachy","b","no",NA,NA,"by_time",7.01,0.88,0.57,7.01,0.0645,64.5,"15vi2022"
"ll_183",16.47,9.03,"brachy","e","no",NA,NA,"by_time",0.74,2.63,0.38,2.63,0.0341,34.1,"15vi2022"
"ll_184",17.92,9.74,"lepto","b","no",NA,NA,"by_time",0.1,0.08,1.52,1.52,0.0493,49.3,"15vi2022"
"ll_185",21.47,10.1,"brachy","e","no",NA,NA,"by_time",3.36,0.01,0.14,3.36,0.0591,59.1,"15vi2022"
"ll_186",17.53,9.22,"brachy","b","no",NA,NA,"by_time",1.65,0.1,0.12,1.65,0.0274,27.4,"15vi2022"
"ll_187",15.62,9.17,"lepto","e","no",NA,NA,"by_time",1.83,2.41,0.59,2.41,0.0374,37.4,"15vi2022"
"ll_188",17.78,9.34,"brachy","b","no",NA,NA,"by_time",7.68,1.44,1.01,7.68,0.0569,56.9,"15vi2022"
"ll_189",17.11,8.77,"brachy","e","no",NA,NA,"by_time",2.65,10.69,0.6,10.69,0.0465,46.5,"15vi2022"
"ll_190",17.55,9.19,"brachy","b","no",NA,NA,"by_time",3.82,0.2,0.69,3.82,0.0661,66.1,"15vi2022"
"ll_191",16.59,9.16,"brachy","e","no",NA,NA,"by_time",12.31,1.64,0.26,12.31,0.0405,40.5,"15vi2022"
"ll_192",19.8,10.41,"brachy","b","no",NA,NA,"by_time",15.25,1.29,0.18,15.25,0.0632,63.2,"15vi2022"
"ll_193",20.35,9.89,"lepto","e","no",NA,NA,"by_time",0.28,0.85,7.58,7.58,0.0566,56.6,"15vi2022"
"ll_194",19.4,9.68,"brachy","b","no",NA,NA,"by_time",9.37,1.1,8.51,9.37,0.0606,60.6,"15vi2022"
"ll_195",19.34,9.71,"brachy","e","no",NA,NA,"by_time",2.97,1.52,0.11,2.97,0.0572,57.2,"15vi2022"
"ll_196",17.57,9.71,"brachy","b","no",NA,NA,"by_time",2.35,3.94,3.07,3.94,0.0591,59.1,"15vi2022"
"ll_197",15.66,9.04,"brachy","e","no",NA,NA,"by_time",1.89,0.99,0.15,1.89,0.0403,40.3,"15vi2022"
"ll_198",18.47,9.52,"brachy","b","no",NA,NA,"by_time",11.42,0.28,1.72,11.42,0.0607,60.7,"15vi2022"
"ll_199",15.06,10.24,"lepto","e","no",NA,NA,"by_time",3.1,2.09,2.51,3.1,0.033,33,"15vi2022"
"ll_200",17.79,9.98,"brachy","b","yes",7,NA,"by_time",8.07,6.84,7.13,8.07,0.0593,59.3,"15vi2022"
"ll_201",23.21,10.8,"brachy","e","no",NA,NA,"by_time",3.89,0.49,0.5,3.89,0.0882,88.2,"26vii2022"
"ll_202",19.37,9.46,"brachy","b","no",NA,NA,"by_time",1.52,3.11,6.24,6.24,0.0678,67.8,"26vii2022"
"ll_203",21.28,10.52,"brachy","e","no",NA,NA,"by_time",6.15,11.13,0.4,11.13,0.097,97,"26vii2022"
"ll_204",19.73,8.98,"brachy","b","no",NA,NA,"by_time",1.15,0.53,0.45,1.15,0.0748,74.8,"26vii2022"
"ll_205",20.3,9.88,"brachy","e","no",NA,NA,"by_time",2.25,9.73,3.23,9.73,0.0796,79.6,"26vii2022"
"ll_206",18.19,10,"lepto","b","no",NA,NA,"by_time",0.61,1.09,0.75,1.09,0.05,50,"26vii2022"
"ll_207",17.15,9.45,"brachy","e","no",NA,NA,"by_time",0.94,2.16,0.29,2.16,0.0465,46.5,"26vii2022"
"ll_208",19.92,9.57,"brachy","b","no",NA,NA,"by_time",9.63,0.24,0.52,9.63,0.0719,71.9,"26vii2022"
"ll_209",17.37,8.69,"brachy","e","no",NA,NA,"by_time",4.82,2.23,1.94,4.82,0.0442,44.2,"26vii2022"
"ll_210",18.03,8.92,"brachy","b","no",NA,NA,"by_time",9.33,1.85,1.15,9.33,0.0707,70.7,"26vii2022"
"ll_211",17.55,9.06,"brachy","e","no",NA,NA,"by_time",1.84,1.31,0.35,1.84,0.0465,46.5,"26vii2022"
"ll_212",19.89,8.62,"brachy","b","no",NA,NA,"by_time",0.86,1.73,5.28,5.28,0.0804,80.4,"26vii2022"
"ll_213",17.98,9.39,"brachy","e","no",NA,NA,"by_time",9.62,11.81,0.23,11.81,0.065,65,"26vii2022"
"ll_214",19.09,9.39,"brachy","b","no",NA,NA,"by_time",2.84,3.98,2.78,3.98,0.0665,66.5,"26vii2022"
"ll_215",16.79,8.29,"brachy","e","yes",38,NA,"by_time",1.25,0.75,0.51,1.25,0.0516,51.6,"26vii2022"
"ll_216",19.87,9.51,"brachy","b","no",NA,NA,"by_time",0.48,0.11,3.98,3.98,0.0617,61.7,"26vii2022"
"ll_217",16.58,7.94,"lepto","e","no",NA,NA,"by_time",0.76,2.19,0.16,2.19,0.0348,34.8,"26vii2022"
"ll_218",18.14,8.67,"brachy","b","no",NA,NA,"by_time",8.51,0.18,1.9,8.51,0.0661,66.1,"26vii2022"
"ll_219",16.21,9.13,"brachy","e","yes",0,NA,"by_time",12.72,6.98,0.08,12.72,0.0475,47.5,"26vii2022"
"ll_220",16.39,7.94,"brachy","b","no",NA,NA,"by_time",1.81,6.88,3.46,6.88,0.0455,45.5,"26vii2022"
"ll_221",20.43,9.93,"brachy","e","no",NA,NA,"by_time",2.75,2.81,0.25,2.81,0.0576,57.6,"27vii2022"
"ll_222",22.59,10.46,"brachy","b","no",NA,NA,"by_time",1.58,4.52,0.94,4.52,0.099,99,"27vii2022"
"ll_223",21.27,10.95,"brachy","e","no",NA,NA,"by_time",9.57,11.07,8.07,11.07,0.0787,78.7,"27vii2022"
"ll_224",22.27,10.91,"lepto","b","no",NA,NA,"by_time",0.8,0.18,0.3,0.8,0.0648,64.8,"27vii2022"
"ll_225",20.21,10.58,"brachy","e","no",NA,NA,"by_time",0.74,1.05,7.71,7.71,0.0611,61.1,"27vii2022"
"ll_226",19.45,9.48,"brachy","b","no",NA,NA,"by_time",0.37,0.18,0.45,0.45,0.0763,76.3,"27vii2022"
"ll_227",16.95,9.89,"lepto","e","no",NA,2,"by_time",0.35,0.29,0.17,0.35,0.0347,34.7,"27vii2022"
"ll_228",19.04,9.56,"brachy","b","no",NA,49,"by_trial",1.53,1.15,9.94,9.94,0.0663,66.3,"27vii2022"
"ll_229",16.92,8.61,"brachy","e","no",NA,82,"by_trial",10.92,8.37,8.2,10.92,0.0437,43.7,"27vii2022"
"ll_230",17.86,9.22,"brachy","b","no",NA,44,"by_trial",0.31,0.39,1.71,1.71,0.0588,58.8,"27vii2022"
"ll_231",21.14,9.93,"brachy","e","no",NA,100,"by_trial",16.53,0.28,0.15,16.53,0.0712,71.2,"27vii2022"
"ll_232",19.59,9.34,"brachy","b","no",NA,39,"by_trial",8.67,12.13,2.11,12.13,0.0653,65.3,"27vii2022"
"ll_233",22.92,10.54,"brachy","e","no",NA,10,"by_trial",1.56,0.51,0.31,1.56,0.0741,74.1,"27vii2022"
"ll_234",19.01,9.68,"brachy","b","no",NA,58,"by_trial",2.72,1.39,NA,2.72,0.0649,64.9,"27vii2022"
"ll_235",18.96,9.63,"brachy","e","no",NA,NA,"by_trial",15.33,0.26,0.45,15.33,0.0757,75.7,"27vii2022"
"ll_236",21.73,10.95,"brachy","b","no",NA,NA,"by_trial",0.25,0.27,0.11,0.27,0.0645,64.5,"27vii2022"
"ll_237",19.77,10.32,"brachy","e","no",NA,NA,"by_trial",1.67,4.1,6.83,6.83,0.0506,50.6,"27vii2022"
"ll_238",19.21,9.45,"brachy","b","no",NA,36,"by_trial",15.56,15.05,1.75,15.56,0.0632,63.2,"27vii2022"
"ll_239",16.85,9.65,"brachy","e","no",NA,NA,"by_trial",9.04,1.93,1.21,9.04,0.0502,50.2,"27vii2022"
"ll_240",20.26,9.95,"brachy","b","no",NA,3,"by_trial",2.22,0.24,0.19,2.22,0.0566,56.6,"27vii2022"
"ll_241",22.04,10.96,"brachy","e","no",NA,3,"by_trial",3.56,5.63,1.97,5.63,NA,NA,"27vii2022"
"ll_242",17.12,9.1,"brachy","b","no",NA,18,"by_trial",0.17,0.82,7.4,7.4,0.0553,55.3,"27vii2022"
"ll_243",17.24,9.07,"brachy","e","no",NA,NA,"by_trial",1.54,0.33,0.35,1.54,0.0451,45.1,"27vii2022"
"ll_244",19.33,9.71,"brachy","b","no",NA,98,"by_trial",2,0.72,0.72,2,0.0708,70.8,"27vii2022"
"ll_245",17.45,10.04,"brachy","e","no",NA,1,"by_trial",3.46,2.94,0.56,3.46,0.0468,46.8,"27vii2022"
"ll_246",20,10.1,"brachy","r",NA,NA,NA,NA,NA,NA,NA,NA,NA,NA,"16xi2024"
"ll_247",19.6,9.9,"brachy","r",NA,NA,NA,NA,NA,NA,NA,NA,NA,NA,"16xi2024"
"ll_248",21.1,10.4,"brachy","r",NA,NA,NA,NA,NA,NA,NA,NA,NA,NA,"16xi2024"
"ll_249",20.9,10.6,"brachy","r",NA,NA,NA,NA,NA,NA,NA,NA,NA,NA,"16xi2024"
"ll_250",21.9,11.2,"brachy","r",NA,NA,NA,NA,NA,NA,NA,NA,NA,NA,"16xi2024"
"ll_251",18.9,9.7,"brachy","r",NA,NA,NA,NA,NA,NA,NA,NA,NA,NA,"16xi2024"
"ll_252",18.1,9.6,"brachy","r",NA,NA,NA,NA,NA,NA,NA,NA,NA,NA,"16xi2024"
"ll_253",21.7,10.3,"brachy","r",NA,NA,NA,NA,NA,NA,NA,NA,NA,NA,"16xi2024"
"ll_254",19,10.1,"brachy","r",NA,NA,NA,NA,NA,NA,NA,NA,NA,NA,"16xi2024"
"ll_255",17.1,7.9,"brachy","r",NA,NA,NA,NA,NA,NA,NA,NA,NA,NA,"16xi2024"
"ll_256",15.2,9.1,"brachy","r",NA,NA,NA,NA,NA,NA,NA,NA,NA,NA,"16xi2024"
"ll_257",17.9,9.6,"brachy","r",NA,NA,NA,NA,NA,NA,NA,NA,NA,NA,"16xi2024"
"ll_258",18.2,9.6,"brachy","r",NA,NA,NA,NA,NA,NA,NA,NA,NA,NA,"16xi2024"
"ll_259",11.2,7.6,"brachy","r",NA,NA,NA,NA,NA,NA,NA,NA,NA,NA,"16xi2024"
"ll_260",21.6,10.1,"brachy","r",NA,NA,NA,NA,NA,NA,NA,NA,NA,NA,"16xi2024"
"ll_261",18.1,9,"brachy","r",NA,NA,NA,NA,NA,NA,NA,NA,NA,NA,"16xi2024"
"ll_262",12.6,8,"brachy","r",NA,NA,NA,NA,NA,NA,NA,NA,NA,NA,"16xi2024"
"ll_263",14.9,8.5,"brachy","r",NA,NA,NA,NA,NA,NA,NA,NA,NA,NA,"16xi2024"
"ll_264",17.8,9.8,"brachy","r",NA,NA,NA,NA,NA,NA,NA,NA,NA,NA,"16xi2024"
"ll_265",16.6,8.9,"brachy","r",NA,NA,NA,NA,NA,NA,NA,NA,NA,NA,"16xi2024"
