"identidade","claw_type","carapace_color","autotomy","autotomy_latency","autotomy_trial","autotomy_exp_type","force1","force2","force3","max_force","weight_mg","weight_g","data","body_region","size"
"ll_01","Brachychelous","Bright","no",NA,NA,"by_time",1.83,0.01,1.88,1.88,0.0887,88.7,"14iv2022","Carapace",10.72
"ll_01","Brachychelous","Bright","no",NA,NA,"by_time",1.83,0.01,1.88,1.88,0.0887,88.7,"14iv2022","Claw",21.56
"ll_02","Leptochelous","Bright","no",NA,NA,"by_time",0.24,0,0.01,0.24,0.0554,55.4,"14iv2022","Carapace",9.52
"ll_02","Leptochelous","Bright","no",NA,NA,"by_time",0.24,0,0.01,0.24,0.0554,55.4,"14iv2022","Claw",18.78
"ll_03","Brachychelous","Bright","yes",26,NA,"by_time",2.1,1.16,4.81,4.81,0.0476,47.6,"14iv2022","Carapace",9.12
"ll_03","Brachychelous","Bright","yes",26,NA,"by_time",2.1,1.16,4.81,4.81,0.0476,47.6,"14iv2022","Claw",17.18
"ll_04","Brachychelous","Bright","yes",13,NA,"by_time",3.71,1.55,0.1,3.71,0.0598,59.8,"14iv2022","Carapace",9.19
"ll_04","Brachychelous","Bright","yes",13,NA,"by_time",3.71,1.55,0.1,3.71,0.0598,59.8,"14iv2022","Claw",17.28
"ll_05","Brachychelous","Bright","yes",26,NA,"by_time",0.1,0.1,5.48,5.48,0.0541,54.1,"14iv2022","Carapace",9.66
"ll_05","Brachychelous","Bright","yes",26,NA,"by_time",0.1,0.1,5.48,5.48,0.0541,54.1,"14iv2022","Claw",17.41
"ll_06","Brachychelous","Bright","yes",38,NA,"by_time",0.8,0.6,0.01,0.8,0.0303,30.3,"14iv2022","Carapace",7.71
"ll_06","Brachychelous","Bright","yes",38,NA,"by_time",0.8,0.6,0.01,0.8,0.0303,30.3,"14iv2022","Claw",13.02
"ll_07","Brachychelous","Bright","yes",9,NA,"by_time",0.05,6.22,0.05,6.22,0.0459,45.9,"14iv2022","Carapace",8.48
"ll_07","Brachychelous","Bright","yes",9,NA,"by_time",0.05,6.22,0.05,6.22,0.0459,45.9,"14iv2022","Claw",15.99
"ll_08","Brachychelous","Bright","yes",22,NA,"by_time",2.08,1.56,1.25,2.08,0.0345,34.5,"14iv2022","Carapace",7.84
"ll_08","Brachychelous","Bright","yes",22,NA,"by_time",2.08,1.56,1.25,2.08,0.0345,34.5,"14iv2022","Claw",15.23
"ll_09","Brachychelous","Bright","no",NA,NA,"by_time",1.77,0.3,0.27,1.77,0.042,42,"14iv2022","Carapace",9.23
"ll_09","Brachychelous","Bright","no",NA,NA,"by_time",1.77,0.3,0.27,1.77,0.042,42,"14iv2022","Claw",16.07
"ll_10","Brachychelous","Bright","yes",0,NA,"by_time",9.38,0,0,9.38,0.0634,63.4,"14iv2022","Carapace",9.05
"ll_10","Brachychelous","Bright","yes",0,NA,"by_time",9.38,0,0,9.38,0.0634,63.4,"14iv2022","Claw",18.1
"ll_11","Brachychelous","Dark","yes",22,NA,"by_time",0.1,0.17,0.25,0.25,0.0607,60.7,"14iv2022","Carapace",9.15
"ll_11","Brachychelous","Dark","yes",22,NA,"by_time",0.1,0.17,0.25,0.25,0.0607,60.7,"14iv2022","Claw",19.09
"ll_12","Brachychelous","Dark","yes",9,NA,"by_time",0.75,0.72,0.04,0.75,0.0313,31.3,"14iv2022","Carapace",8.67
"ll_12","Brachychelous","Dark","yes",9,NA,"by_time",0.75,0.72,0.04,0.75,0.0313,31.3,"14iv2022","Claw",15.68
"ll_13","Brachychelous","Dark","no",NA,NA,"by_time",3.74,0.14,2.72,3.74,0.0782,78.2,"14iv2022","Carapace",10.09
"ll_13","Brachychelous","Dark","no",NA,NA,"by_time",3.74,0.14,2.72,3.74,0.0782,78.2,"14iv2022","Claw",19.07
"ll_14","Brachychelous","Dark","yes",27,NA,"by_time",0.57,0.67,0.5,0.67,0.0529,52.9,"14iv2022","Carapace",9.89
"ll_14","Brachychelous","Dark","yes",27,NA,"by_time",0.57,0.67,0.5,0.67,0.0529,52.9,"14iv2022","Claw",20.53
"ll_15","Brachychelous","Dark","no",NA,NA,"by_time",2.91,3.67,1.19,3.67,0.0769,76.9,"14iv2022","Carapace",9.91
"ll_15","Brachychelous","Dark","no",NA,NA,"by_time",2.91,3.67,1.19,3.67,0.0769,76.9,"14iv2022","Claw",19.88
"ll_16","Brachychelous","Dark","yes",13,NA,"by_time",1.92,1.92,0.02,1.92,0.0772,77.2,"14iv2022","Carapace",10.02
"ll_16","Brachychelous","Dark","yes",13,NA,"by_time",1.92,1.92,0.02,1.92,0.0772,77.2,"14iv2022","Claw",20.4
"ll_17","Leptochelous","Dark","yes",12,NA,"by_time",0.02,0.05,2.26,2.26,0.0439,43.9,"14iv2022","Carapace",10.26
"ll_17","Leptochelous","Dark","yes",12,NA,"by_time",0.02,0.05,2.26,2.26,0.0439,43.9,"14iv2022","Claw",20.17
"ll_18","Leptochelous","Dark","yes",8,NA,"by_time",0.01,1.17,0.28,1.17,0.0388,38.8,"14iv2022","Carapace",9.59
"ll_18","Leptochelous","Dark","yes",8,NA,"by_time",0.01,1.17,0.28,1.17,0.0388,38.8,"14iv2022","Claw",17.53
"ll_19","Brachychelous","Dark","yes",12,NA,"by_time",0.02,0.04,0.07,0.07,0.0179,17.9,"14iv2022","Carapace",8.26
"ll_19","Brachychelous","Dark","yes",12,NA,"by_time",0.02,0.04,0.07,0.07,0.0179,17.9,"14iv2022","Claw",13.24
"ll_20","Brachychelous","Dark","yes",60,NA,"by_time",0.84,2.02,2.22,2.22,0.0336,33.6,"14iv2022","Carapace",8.1
"ll_20","Brachychelous","Dark","yes",60,NA,"by_time",0.84,2.02,2.22,2.22,0.0336,33.6,"14iv2022","Claw",13.7
"ll_21","Brachychelous","Bright","yes",60,NA,"by_time",3.05,2.52,4.78,4.78,0.0613,61.3,"14iv2022","Carapace",8.81
"ll_21","Brachychelous","Bright","yes",60,NA,"by_time",3.05,2.52,4.78,4.78,0.0613,61.3,"14iv2022","Claw",18.85
"ll_22","Leptochelous","Dark","yes",8,NA,"by_time",3.62,0.21,1.45,3.62,0.0442,44.2,"14iv2022","Carapace",10.46
"ll_22","Leptochelous","Dark","yes",8,NA,"by_time",3.62,0.21,1.45,3.62,0.0442,44.2,"14iv2022","Claw",16.99
"ll_23","Brachychelous","Bright","yes",13,NA,"by_time",4.34,0.46,0.05,4.34,0.0314,31.4,"14iv2022","Carapace",8.39
"ll_23","Brachychelous","Bright","yes",13,NA,"by_time",4.34,0.46,0.05,4.34,0.0314,31.4,"14iv2022","Claw",13.18
"ll_24","Brachychelous","Dark","yes",2,NA,"by_time",0.88,0.83,0.61,0.88,0.0343,34.3,"14iv2022","Carapace",8.68
"ll_24","Brachychelous","Dark","yes",2,NA,"by_time",0.88,0.83,0.61,0.88,0.0343,34.3,"14iv2022","Claw",15.9
"ll_25","Brachychelous","Bright","yes",21,NA,"by_time",0.15,0.07,0.04,0.15,0.024,24,"14iv2022","Carapace",7.87
"ll_25","Brachychelous","Bright","yes",21,NA,"by_time",0.15,0.07,0.04,0.15,0.024,24,"14iv2022","Claw",11.37
"ll_26","Leptochelous","Dark","yes",8,NA,"by_time",0.48,0.15,0.04,0.48,0.0162,16.2,"14iv2022","Carapace",7.28
"ll_26","Leptochelous","Dark","yes",8,NA,"by_time",0.48,0.15,0.04,0.48,0.0162,16.2,"14iv2022","Claw",10.76
"ll_27","Brachychelous","Bright","yes",53,NA,"by_time",2.87,4.6,0.05,4.6,0.0278,27.8,"14iv2022","Carapace",7.53
"ll_27","Brachychelous","Bright","yes",53,NA,"by_time",2.87,4.6,0.05,4.6,0.0278,27.8,"14iv2022","Claw",13.09
"ll_28","Brachychelous","Bright","no",NA,NA,"by_time",5.57,3.36,0.04,5.57,0.0475,47.5,"15iv2022","Carapace",9.1
"ll_28","Brachychelous","Bright","no",NA,NA,"by_time",5.57,3.36,0.04,5.57,0.0475,47.5,"15iv2022","Claw",15.1
"ll_29","Leptochelous","Dark","no",NA,NA,"by_time",0.14,0.01,0.02,0.14,0.05,50,"15iv2022","Carapace",11.17
"ll_29","Leptochelous","Dark","no",NA,NA,"by_time",0.14,0.01,0.02,0.14,0.05,50,"15iv2022","Claw",22.25
"ll_30","Brachychelous","Bright","no",NA,NA,"by_time",2.73,2.78,1.89,2.78,0.0538,53.8,"15iv2022","Carapace",9
"ll_30","Brachychelous","Bright","no",NA,NA,"by_time",2.73,2.78,1.89,2.78,0.0538,53.8,"15iv2022","Claw",16.95
"ll_31","Brachychelous","Dark","no",NA,NA,"by_time",0.31,0.51,0.29,0.51,0.0424,42.4,"15iv2022","Carapace",10.69
"ll_31","Brachychelous","Dark","no",NA,NA,"by_time",0.31,0.51,0.29,0.51,0.0424,42.4,"15iv2022","Claw",21.93
"ll_32","Brachychelous","Bright","no",NA,NA,"by_time",10.09,0.11,3.02,10.09,0.0663,66.3,"15iv2022","Carapace",10.05
"ll_32","Brachychelous","Bright","no",NA,NA,"by_time",10.09,0.11,3.02,10.09,0.0663,66.3,"15iv2022","Claw",19.66
"ll_33","Brachychelous","Dark","no",NA,NA,"by_time",0.08,0.1,0.1,0.1,0.0617,61.7,"15iv2022","Carapace",10.6
"ll_33","Brachychelous","Dark","no",NA,NA,"by_time",0.08,0.1,0.1,0.1,0.0617,61.7,"15iv2022","Claw",22.22
"ll_34","Brachychelous","Bright","no",NA,NA,"by_time",8.3,0.6,3.72,8.3,0.0756,75.6,"15iv2022","Carapace",9.41
"ll_34","Brachychelous","Bright","no",NA,NA,"by_time",8.3,0.6,3.72,8.3,0.0756,75.6,"15iv2022","Claw",19.32
"ll_35","Brachychelous","Dark","no",NA,NA,"by_time",0.7,1.65,1.83,1.83,0.0588,58.8,"15iv2022","Carapace",9.77
"ll_35","Brachychelous","Dark","no",NA,NA,"by_time",0.7,1.65,1.83,1.83,0.0588,58.8,"15iv2022","Claw",19.5
"ll_36","Brachychelous","Bright","no",NA,NA,"by_time",0.25,0.15,0.11,0.25,0.0747,74.7,"15iv2022","Carapace",9.81
"ll_36","Brachychelous","Bright","no",NA,NA,"by_time",0.25,0.15,0.11,0.25,0.0747,74.7,"15iv2022","Claw",18.91
"ll_37","Brachychelous","Dark","no",NA,NA,"by_time",5.47,0.2,0.08,5.47,0.06,60,"15iv2022","Carapace",10.59
"ll_37","Brachychelous","Dark","no",NA,NA,"by_time",5.47,0.2,0.08,5.47,0.06,60,"15iv2022","Claw",19.46
"ll_38","Brachychelous","Bright","no",NA,NA,"by_time",8.56,8.58,0.03,8.58,0.0587,58.7,"15iv2022","Carapace",8.78
"ll_38","Brachychelous","Bright","no",NA,NA,"by_time",8.56,8.58,0.03,8.58,0.0587,58.7,"15iv2022","Claw",16.56
"ll_39","Brachychelous","Dark","no",NA,NA,"by_time",12.54,1.3,0.01,12.54,0.0622,62.2,"15iv2022","Carapace",9.29
"ll_39","Brachychelous","Dark","no",NA,NA,"by_time",12.54,1.3,0.01,12.54,0.0622,62.2,"15iv2022","Claw",17.79
"ll_40","Brachychelous","Bright","no",NA,NA,"by_time",1.24,2.62,2.99,2.99,0.0799,79.9,"15iv2022","Carapace",10.55
"ll_40","Brachychelous","Bright","no",NA,NA,"by_time",1.24,2.62,2.99,2.99,0.0799,79.9,"15iv2022","Claw",20.5
"ll_41","Brachychelous","Dark","no",NA,NA,"by_time",3.12,0.04,0.06,3.12,0.0514,51.4,"15iv2022","Carapace",9.63
"ll_41","Brachychelous","Dark","no",NA,NA,"by_time",3.12,0.04,0.06,3.12,0.0514,51.4,"15iv2022","Claw",17.4
"ll_42","Brachychelous","Bright","no",NA,NA,"by_time",0.31,0.34,0.005,0.34,0.0586,58.6,"15iv2022","Carapace",9.24
"ll_42","Brachychelous","Bright","no",NA,NA,"by_time",0.31,0.34,0.005,0.34,0.0586,58.6,"15iv2022","Claw",17.71
"ll_43","Brachychelous","Dark","no",NA,NA,"by_time",0.05,8.34,0.97,8.34,0.0628,62.8,"15iv2022","Carapace",10.85
"ll_43","Brachychelous","Dark","no",NA,NA,"by_time",0.05,8.34,0.97,8.34,0.0628,62.8,"15iv2022","Claw",18.65
"ll_44","Brachychelous","Bright","no",NA,NA,"by_time",1.5,0.2,0.1,1.5,0.0452,45.2,"15iv2022","Carapace",9.04
"ll_44","Brachychelous","Bright","no",NA,NA,"by_time",1.5,0.2,0.1,1.5,0.0452,45.2,"15iv2022","Claw",14.97
"ll_45","Brachychelous","Dark","no",NA,NA,"by_time",1.39,0.06,0,1.39,0.03,30,"15iv2022","Carapace",9.22
"ll_45","Brachychelous","Dark","no",NA,NA,"by_time",1.39,0.06,0,1.39,0.03,30,"15iv2022","Claw",14.61
"ll_46","Brachychelous","Bright","no",NA,NA,"by_time",4.08,3.3,0.03,4.08,0.0764,76.4,"15iv2022","Carapace",9.58
"ll_46","Brachychelous","Bright","no",NA,NA,"by_time",4.08,3.3,0.03,4.08,0.0764,76.4,"15iv2022","Claw",18.09
"ll_47","Brachychelous","Dark","no",NA,NA,"by_time",0.06,0.2,0.67,0.67,0.0543,54.3,"15iv2022","Carapace",9.71
"ll_47","Brachychelous","Dark","no",NA,NA,"by_time",0.06,0.2,0.67,0.67,0.0543,54.3,"15iv2022","Claw",18.1
"ll_48","Brachychelous","Bright","yes",58,NA,"by_time",0.03,0.03,0.01,0.03,0.0688,68.8,"15iv2022","Carapace",10.12
"ll_48","Brachychelous","Bright","yes",58,NA,"by_time",0.03,0.03,0.01,0.03,0.0688,68.8,"15iv2022","Claw",19.2
"ll_49","Leptochelous","Dark","yes",59,NA,"by_time",0.41,0.16,0.12,0.41,0.0374,37.4,"15iv2022","Carapace",8.92
"ll_49","Leptochelous","Dark","yes",59,NA,"by_time",0.41,0.16,0.12,0.41,0.0374,37.4,"15iv2022","Claw",15.51
"ll_50","Brachychelous","Bright","no",NA,NA,"by_time",0.06,0.35,0.1,0.35,0.0367,36.7,"15iv2022","Carapace",9.28
"ll_50","Brachychelous","Bright","no",NA,NA,"by_time",0.06,0.35,0.1,0.35,0.0367,36.7,"15iv2022","Claw",16.63
"ll_51","Leptochelous","Dark","no",NA,NA,"by_time",0.08,0.02,0.11,0.11,0.0218,21.8,"15iv2022","Carapace",8.45
"ll_51","Leptochelous","Dark","no",NA,NA,"by_time",0.08,0.02,0.11,0.11,0.0218,21.8,"15iv2022","Claw",13.36
"ll_52","Brachychelous","Bright","no",NA,NA,"by_time",0.36,2.3,0.03,2.3,0.0268,26.8,"15iv2022","Carapace",7.97
"ll_52","Brachychelous","Bright","no",NA,NA,"by_time",0.36,2.3,0.03,2.3,0.0268,26.8,"15iv2022","Claw",12.33
"ll_53","Brachychelous","Dark","no",NA,NA,"by_time",0.48,1.2,0.6,1.2,0.027,27,"15iv2022","Carapace",8.1
"ll_53","Brachychelous","Dark","no",NA,NA,"by_time",0.48,1.2,0.6,1.2,0.027,27,"15iv2022","Claw",12.61
"ll_54","Brachychelous","Bright","no",NA,NA,"by_time",0.11,2.73,0.08,2.73,0.0592,59.2,"15iv2022","Carapace",9.65
"ll_54","Brachychelous","Bright","no",NA,NA,"by_time",0.11,2.73,0.08,2.73,0.0592,59.2,"15iv2022","Claw",18.09
"ll_55","Brachychelous","Dark","no",NA,NA,"by_time",5.72,0.33,5.61,5.72,0.0404,40.4,"15iv2022","Carapace",8.98
"ll_55","Brachychelous","Dark","no",NA,NA,"by_time",5.72,0.33,5.61,5.72,0.0404,40.4,"15iv2022","Claw",14.99
"ll_56","Brachychelous","Bright","no",NA,NA,"by_time",0.02,0.008,0.01,0.02,0.0513,51.3,"15iv2022","Carapace",9.11
"ll_56","Brachychelous","Bright","no",NA,NA,"by_time",0.02,0.008,0.01,0.02,0.0513,51.3,"15iv2022","Claw",16.48
"ll_57","Brachychelous","Dark","no",NA,NA,"by_time",1.59,2.34,0.06,2.34,0.0333,33.3,"15iv2022","Carapace",9.15
"ll_57","Brachychelous","Dark","no",NA,NA,"by_time",1.59,2.34,0.06,2.34,0.0333,33.3,"15iv2022","Claw",12.05
"ll_58","Brachychelous","Bright","no",NA,NA,"by_time",4.54,0.51,0.43,4.54,0.0718,71.8,"17iv2022","Carapace",9.93
"ll_58","Brachychelous","Bright","no",NA,NA,"by_time",4.54,0.51,0.43,4.54,0.0718,71.8,"17iv2022","Claw",19.98
"ll_59","Brachychelous","Dark","no",NA,NA,"by_time",0.53,0.49,0.59,0.59,0.0618,61.8,"17iv2022","Carapace",9.51
"ll_59","Brachychelous","Dark","no",NA,NA,"by_time",0.53,0.49,0.59,0.59,0.0618,61.8,"17iv2022","Claw",18.25
"ll_60","Brachychelous","Bright","no",NA,NA,"by_time",1.31,0.45,0.08,1.31,0.0433,43.3,"17iv2022","Carapace",8.85
"ll_60","Brachychelous","Bright","no",NA,NA,"by_time",1.31,0.45,0.08,1.31,0.0433,43.3,"17iv2022","Claw",15.24
"ll_61","Brachychelous","Dark","no",NA,NA,"by_time",0.63,0.06,0.01,0.63,0.037,37,"17iv2022","Carapace",9.15
"ll_61","Brachychelous","Dark","no",NA,NA,"by_time",0.63,0.06,0.01,0.63,0.037,37,"17iv2022","Claw",19.23
"ll_62","Brachychelous","Bright","no",NA,NA,"by_time",1.53,0.3,0.83,1.53,0.0504,50.4,"17iv2022","Carapace",9.03
"ll_62","Brachychelous","Bright","no",NA,NA,"by_time",1.53,0.3,0.83,1.53,0.0504,50.4,"17iv2022","Claw",16.75
"ll_63","Brachychelous","Dark","no",NA,NA,"by_time",5.11,0.51,0.09,5.11,0.0549,54.9,"17iv2022","Carapace",9.4
"ll_63","Brachychelous","Dark","no",NA,NA,"by_time",5.11,0.51,0.09,5.11,0.0549,54.9,"17iv2022","Claw",19.53
"ll_64","Brachychelous","Bright","no",NA,NA,"by_time",0.004,0.07,0.02,0.07,0.0453,45.3,"17iv2022","Carapace",9
"ll_64","Brachychelous","Bright","no",NA,NA,"by_time",0.004,0.07,0.02,0.07,0.0453,45.3,"17iv2022","Claw",15.61
"ll_65","Brachychelous","Dark","no",NA,NA,"by_time",5.07,0.33,0.34,5.07,0.056,56,"17iv2022","Carapace",8.63
"ll_65","Brachychelous","Dark","no",NA,NA,"by_time",5.07,0.33,0.34,5.07,0.056,56,"17iv2022","Claw",16.99
"ll_66","Leptochelous","Bright","no",NA,NA,"by_time",0.68,0.11,0.03,0.68,0.0276,27.6,"17iv2022","Carapace",8.55
"ll_66","Leptochelous","Bright","no",NA,NA,"by_time",0.68,0.11,0.03,0.68,0.0276,27.6,"17iv2022","Claw",13.02
"ll_67","Brachychelous","Dark","no",NA,NA,"by_time",0.04,5.39,0.29,5.39,0.0557,55.7,"17iv2022","Carapace",9.95
"ll_67","Brachychelous","Dark","no",NA,NA,"by_time",0.04,5.39,0.29,5.39,0.0557,55.7,"17iv2022","Claw",19.13
"ll_68","Brachychelous","Bright","no",NA,NA,"by_time",5.02,0.59,0.01,5.02,0.0396,39.6,"17iv2022","Carapace",9.16
"ll_68","Brachychelous","Bright","no",NA,NA,"by_time",5.02,0.59,0.01,5.02,0.0396,39.6,"17iv2022","Claw",16.52
"ll_69","Brachychelous","Dark","no",NA,NA,"by_time",0.45,0.53,0.12,0.53,0.0298,29.8,"17iv2022","Carapace",8.61
"ll_69","Brachychelous","Dark","no",NA,NA,"by_time",0.45,0.53,0.12,0.53,0.0298,29.8,"17iv2022","Claw",15.82
"ll_70","Brachychelous","Bright","no",NA,NA,"by_time",2.64,0,0.04,2.64,0.0577,57.7,"17iv2022","Carapace",8.43
"ll_70","Brachychelous","Bright","no",NA,NA,"by_time",2.64,0,0.04,2.64,0.0577,57.7,"17iv2022","Claw",16.68
"ll_71","Brachychelous","Dark","no",NA,NA,"by_time",4.5,0.22,0.01,4.5,0.0527,52.7,"17iv2022","Carapace",9.08
"ll_71","Brachychelous","Dark","no",NA,NA,"by_time",4.5,0.22,0.01,4.5,0.0527,52.7,"17iv2022","Claw",18.14
"ll_72","Brachychelous","Bright","yes",0,NA,"by_time",0.41,0.23,0,0.41,0.0298,29.8,"17iv2022","Carapace",7.82
"ll_72","Brachychelous","Bright","yes",0,NA,"by_time",0.41,0.23,0,0.41,0.0298,29.8,"17iv2022","Claw",13.2
"ll_73","Brachychelous","Dark","no",NA,NA,"by_time",8.82,0.56,0.01,8.82,0.0494,49.4,"17iv2022","Carapace",9.33
"ll_73","Brachychelous","Dark","no",NA,NA,"by_time",8.82,0.56,0.01,8.82,0.0494,49.4,"17iv2022","Claw",16.41
"ll_74","Brachychelous","Bright","no",NA,NA,"by_time",1.98,0.22,0.07,1.98,0.0337,33.7,"17iv2022","Carapace",7.56
"ll_74","Brachychelous","Bright","no",NA,NA,"by_time",1.98,0.22,0.07,1.98,0.0337,33.7,"17iv2022","Claw",13.1
"ll_75","Brachychelous","Dark","no",NA,NA,"by_time",2.82,0.75,0.32,2.82,0.0479,47.9,"17iv2022","Carapace",8.9
"ll_75","Brachychelous","Dark","no",NA,NA,"by_time",2.82,0.75,0.32,2.82,0.0479,47.9,"17iv2022","Claw",16.36
"ll_76","Brachychelous","Bright","no",NA,NA,"by_time",0.06,0.01,0,0.06,0.0324,32.4,"17iv2022","Carapace",7.93
"ll_76","Brachychelous","Bright","no",NA,NA,"by_time",0.06,0.01,0,0.06,0.0324,32.4,"17iv2022","Claw",14.06
"ll_77","Brachychelous","Dark","no",NA,NA,"by_time",0.07,1.17,0.13,1.17,0.0257,25.7,"17iv2022","Carapace",8.54
"ll_77","Brachychelous","Dark","no",NA,NA,"by_time",0.07,1.17,0.13,1.17,0.0257,25.7,"17iv2022","Claw",12.82
"ll_78","Brachychelous","Bright","no",NA,NA,"by_time",0.2,0.25,0.08,0.25,0.0298,29.8,"17iv2022","Carapace",7.94
"ll_78","Brachychelous","Bright","no",NA,NA,"by_time",0.2,0.25,0.08,0.25,0.0298,29.8,"17iv2022","Claw",12.4
"ll_79","Brachychelous","Dark","no",NA,NA,"by_time",3.63,0.23,0.06,3.63,0.0354,35.4,"17iv2022","Carapace",8.33
"ll_79","Brachychelous","Dark","no",NA,NA,"by_time",3.63,0.23,0.06,3.63,0.0354,35.4,"17iv2022","Claw",13.12
"ll_80","Brachychelous","Bright","no",NA,NA,"by_time",1.43,0.02,0.05,1.43,0.0236,23.6,"17iv2022","Carapace",7.88
"ll_80","Brachychelous","Bright","no",NA,NA,"by_time",1.43,0.02,0.05,1.43,0.0236,23.6,"17iv2022","Claw",10.76
"ll_81","Brachychelous","Dark","no",NA,NA,"by_time",7.52,0.35,0.03,7.52,0.0677,67.7,"30iv2022","Carapace",10.66
"ll_81","Brachychelous","Dark","no",NA,NA,"by_time",7.52,0.35,0.03,7.52,0.0677,67.7,"30iv2022","Claw",20.22
"ll_82","Brachychelous","Bright","no",NA,NA,"by_time",2.7,0.07,0.57,2.7,0.0903,90.3,"30iv2022","Carapace",10.45
"ll_82","Brachychelous","Bright","no",NA,NA,"by_time",2.7,0.07,0.57,2.7,0.0903,90.3,"30iv2022","Claw",21.18
"ll_83","Brachychelous","Dark","no",NA,NA,"by_time",8.29,1.93,6.5,8.29,0.0837,83.7,"30iv2022","Carapace",10.98
"ll_83","Brachychelous","Dark","no",NA,NA,"by_time",8.29,1.93,6.5,8.29,0.0837,83.7,"30iv2022","Claw",21.13
"ll_84","Brachychelous","Bright","no",NA,NA,"by_time",1.98,0.04,0.07,1.98,0.0744,74.4,"30iv2022","Carapace",9.61
"ll_84","Brachychelous","Bright","no",NA,NA,"by_time",1.98,0.04,0.07,1.98,0.0744,74.4,"30iv2022","Claw",19.75
"ll_85","Brachychelous","Dark","no",NA,NA,"by_time",11.19,0.2,0.14,11.19,0.0627,62.7,"30iv2022","Carapace",9.22
"ll_85","Brachychelous","Dark","no",NA,NA,"by_time",11.19,0.2,0.14,11.19,0.0627,62.7,"30iv2022","Claw",17.28
"ll_86","Brachychelous","Bright","no",NA,NA,"by_time",1.22,0.2,0.4,1.22,0.0766,76.6,"30iv2022","Carapace",10.39
"ll_86","Brachychelous","Bright","no",NA,NA,"by_time",1.22,0.2,0.4,1.22,0.0766,76.6,"30iv2022","Claw",20.29
"ll_87","Brachychelous","Dark","no",NA,NA,"by_time",1.89,2,0.09,2,0.0721,72.1,"30iv2022","Carapace",11
"ll_87","Brachychelous","Dark","no",NA,NA,"by_time",1.89,2,0.09,2,0.0721,72.1,"30iv2022","Claw",21.67
"ll_88","Brachychelous","Bright","no",NA,NA,"by_time",0.1,3.36,0.76,3.36,0.0795,79.5,"30iv2022","Carapace",9.86
"ll_88","Brachychelous","Bright","no",NA,NA,"by_time",0.1,3.36,0.76,3.36,0.0795,79.5,"30iv2022","Claw",19.69
"ll_89","Brachychelous","Dark","no",NA,NA,"by_time",0.07,4.94,1.72,4.94,0.0671,67.1,"30iv2022","Carapace",10.1
"ll_89","Brachychelous","Dark","no",NA,NA,"by_time",0.07,4.94,1.72,4.94,0.0671,67.1,"30iv2022","Claw",20.07
"ll_90","Leptochelous","Bright","no",NA,NA,"by_time",0.13,0.19,0.03,0.19,0.0483,48.3,"30iv2022","Carapace",10.55
"ll_90","Leptochelous","Bright","no",NA,NA,"by_time",0.13,0.19,0.03,0.19,0.0483,48.3,"30iv2022","Claw",19.18
"ll_91","Brachychelous","Dark","no",NA,NA,"by_time",7.95,0.18,0.02,7.95,0.0535,53.5,"30iv2022","Carapace",8.99
"ll_91","Brachychelous","Dark","no",NA,NA,"by_time",7.95,0.18,0.02,7.95,0.0535,53.5,"30iv2022","Claw",17.35
"ll_92","Brachychelous","Bright","no",NA,NA,"by_time",10.95,0.09,4.12,10.95,0.062,62,"30iv2022","Carapace",9.87
"ll_92","Brachychelous","Bright","no",NA,NA,"by_time",10.95,0.09,4.12,10.95,0.062,62,"30iv2022","Claw",20.16
"ll_93","Leptochelous","Dark","no",NA,NA,"by_time",1.65,1.88,0.09,1.88,0.0584,58.4,"30iv2022","Carapace",10.2
"ll_93","Leptochelous","Dark","no",NA,NA,"by_time",1.65,1.88,0.09,1.88,0.0584,58.4,"30iv2022","Claw",20.73
"ll_94","Brachychelous","Bright","yes",58,NA,"by_time",0.05,0.06,0.05,0.06,0.0721,72.1,"30iv2022","Carapace",9.49
"ll_94","Brachychelous","Bright","yes",58,NA,"by_time",0.05,0.06,0.05,0.06,0.0721,72.1,"30iv2022","Claw",18.07
"ll_95","Brachychelous","Dark","no",NA,NA,"by_time",4.6,1.47,3.5,4.6,0.0472,47.2,"30iv2022","Carapace",9.49
"ll_95","Brachychelous","Dark","no",NA,NA,"by_time",4.6,1.47,3.5,4.6,0.0472,47.2,"30iv2022","Claw",15.97
"ll_96","Brachychelous","Bright","no",NA,NA,"by_time",15.03,3.92,23.01,23.01,0.0836,83.6,"30iv2022","Carapace",9.72
"ll_96","Brachychelous","Bright","no",NA,NA,"by_time",15.03,3.92,23.01,23.01,0.0836,83.6,"30iv2022","Claw",19.9
"ll_97","Brachychelous","Dark","no",NA,NA,"by_time",7.66,0.04,3.85,7.66,0.0393,39.3,"30iv2022","Carapace",9.2
"ll_97","Brachychelous","Dark","no",NA,NA,"by_time",7.66,0.04,3.85,7.66,0.0393,39.3,"30iv2022","Claw",14.93
"ll_98","Brachychelous","Bright","no",NA,NA,"by_time",1.73,0.03,0.66,1.73,0.0481,48.1,"30iv2022","Carapace",10.01
"ll_98","Brachychelous","Bright","no",NA,NA,"by_time",1.73,0.03,0.66,1.73,0.0481,48.1,"30iv2022","Claw",18.01
"ll_99","Brachychelous","Dark","no",NA,NA,"by_time",5.97,1.56,0.82,5.97,0.0387,38.7,"30iv2022","Carapace",9.99
"ll_99","Brachychelous","Dark","no",NA,NA,"by_time",5.97,1.56,0.82,5.97,0.0387,38.7,"30iv2022","Claw",17.2
"ll_100","Brachychelous","Bright","no",NA,NA,"by_time",1.14,0.05,10.44,10.44,0.0467,46.7,"30iv2022","Carapace",8.5
"ll_100","Brachychelous","Bright","no",NA,NA,"by_time",1.14,0.05,10.44,10.44,0.0467,46.7,"30iv2022","Claw",16.52
"ll_101","Brachychelous","Dark","yes",58,NA,"by_time",0.66,0.34,0.41,0.66,0.0339,33.9,"30iv2022","Carapace",8.39
"ll_101","Brachychelous","Dark","yes",58,NA,"by_time",0.66,0.34,0.41,0.66,0.0339,33.9,"30iv2022","Claw",13.76
"ll_102","Brachychelous","Bright","no",NA,NA,"by_time",6.18,0.16,0.23,6.18,0.0433,43.3,"30iv2022","Carapace",8.81
"ll_102","Brachychelous","Bright","no",NA,NA,"by_time",6.18,0.16,0.23,6.18,0.0433,43.3,"30iv2022","Claw",15.51
"ll_103","Brachychelous","Dark","no",NA,NA,"by_time",0.02,0.02,6.98,6.98,0.0636,63.6,"01v2022","Carapace",9.93
"ll_103","Brachychelous","Dark","no",NA,NA,"by_time",0.02,0.02,6.98,6.98,0.0636,63.6,"01v2022","Claw",18.8
"ll_104","Brachychelous","Bright","no",NA,NA,"by_time",2.1,0.54,0.08,2.1,0.0683,68.3,"01v2022","Carapace",9.81
"ll_104","Brachychelous","Bright","no",NA,NA,"by_time",2.1,0.54,0.08,2.1,0.0683,68.3,"01v2022","Claw",19.64
"ll_105","Brachychelous","Dark","no",NA,NA,"by_time",0.64,0.2,0.11,0.64,0.0394,39.4,"01v2022","Carapace",8.04
"ll_105","Brachychelous","Dark","no",NA,NA,"by_time",0.64,0.2,0.11,0.64,0.0394,39.4,"01v2022","Claw",15.01
"ll_106","Brachychelous","Bright","no",NA,NA,"by_time",0.62,0.5,0.19,0.62,0.0547,54.7,"01v2022","Carapace",9.69
"ll_106","Brachychelous","Bright","no",NA,NA,"by_time",0.62,0.5,0.19,0.62,0.0547,54.7,"01v2022","Claw",18.24
"ll_107","Brachychelous","Dark","yes",1,NA,"by_time",11.41,0.13,7.29,11.41,0.0635,63.5,"01v2022","Carapace",9.83
"ll_107","Brachychelous","Dark","yes",1,NA,"by_time",11.41,0.13,7.29,11.41,0.0635,63.5,"01v2022","Claw",18.44
"ll_108","Leptochelous","Bright","no",NA,NA,"by_time",0.01,0.02,0.04,0.04,0.0147,14.7,"01v2022","Carapace",9.98
"ll_108","Leptochelous","Bright","no",NA,NA,"by_time",0.01,0.02,0.04,0.04,0.0147,14.7,"01v2022","Claw",12.9
"ll_109","Brachychelous","Dark","no",NA,NA,"by_time",4.23,2.7,0.1,4.23,0.0384,38.4,"01v2022","Carapace",9.06
"ll_109","Brachychelous","Dark","no",NA,NA,"by_time",4.23,2.7,0.1,4.23,0.0384,38.4,"01v2022","Claw",16
"ll_110","Leptochelous","Bright","no",NA,NA,"by_time",0.29,0.18,0.03,0.29,0.0214,21.4,"01v2022","Carapace",10.26
"ll_110","Leptochelous","Bright","no",NA,NA,"by_time",0.29,0.18,0.03,0.29,0.0214,21.4,"01v2022","Claw",12.04
"ll_111","Brachychelous","Dark","no",NA,NA,"by_time",2.34,0.47,0.06,2.34,0.0733,73.3,"01v2022","Carapace",10.05
"ll_111","Brachychelous","Dark","no",NA,NA,"by_time",2.34,0.47,0.06,2.34,0.0733,73.3,"01v2022","Claw",20.61
"ll_112","Brachychelous","Bright","no",NA,NA,"by_time",0.45,0.16,0.04,0.45,0.0604,60.4,"01v2022","Carapace",9.67
"ll_112","Brachychelous","Bright","no",NA,NA,"by_time",0.45,0.16,0.04,0.45,0.0604,60.4,"01v2022","Claw",20.14
"ll_113","Brachychelous","Dark","no",NA,NA,"by_time",5.12,0.08,NA,5.12,0.0344,34.4,"01v2022","Carapace",8.58
"ll_113","Brachychelous","Dark","no",NA,NA,"by_time",5.12,0.08,NA,5.12,0.0344,34.4,"01v2022","Claw",13.82
"ll_114","Brachychelous","Bright","no",NA,NA,"by_time",1.44,0.2,0.49,1.44,0.0327,32.7,"01v2022","Carapace",8.13
"ll_114","Brachychelous","Bright","no",NA,NA,"by_time",1.44,0.2,0.49,1.44,0.0327,32.7,"01v2022","Claw",15.27
"ll_115","Brachychelous","Dark","no",NA,NA,"by_time",6.89,4.02,10.38,10.38,0.0474,47.4,"01v2022","Carapace",10.01
"ll_115","Brachychelous","Dark","no",NA,NA,"by_time",6.89,4.02,10.38,10.38,0.0474,47.4,"01v2022","Claw",17.52
"ll_116","Brachychelous","Bright","no",NA,NA,"by_time",3.03,0.23,0.28,3.03,0.0627,62.7,"01v2022","Carapace",8.93
"ll_116","Brachychelous","Bright","no",NA,NA,"by_time",3.03,0.23,0.28,3.03,0.0627,62.7,"01v2022","Claw",17.41
"ll_117","Brachychelous","Dark","no",NA,NA,"by_time",0.18,0.21,0.11,0.21,0.036,36,"01v2022","Carapace",8.98
"ll_117","Brachychelous","Dark","no",NA,NA,"by_time",0.18,0.21,0.11,0.21,0.036,36,"01v2022","Claw",16.52
"ll_118","Brachychelous","Bright","no",NA,NA,"by_time",2.1,0.59,0.54,2.1,0.0392,39.2,"01v2022","Carapace",9.05
"ll_118","Brachychelous","Bright","no",NA,NA,"by_time",2.1,0.59,0.54,2.1,0.0392,39.2,"01v2022","Claw",15.05
"ll_119","Brachychelous","Dark","no",NA,NA,"by_time",5.97,2.77,0.37,5.97,0.0398,39.8,"01v2022","Carapace",8.44
"ll_119","Brachychelous","Dark","no",NA,NA,"by_time",5.97,2.77,0.37,5.97,0.0398,39.8,"01v2022","Claw",15.05
"ll_120","Brachychelous","Bright","no",NA,NA,"by_time",4.32,0.64,1.56,4.32,0.065,65,"01v2022","Carapace",9.3
"ll_120","Brachychelous","Bright","no",NA,NA,"by_time",4.32,0.64,1.56,4.32,0.065,65,"01v2022","Claw",16.74
"ll_121","Leptochelous","Dark","no",NA,NA,"by_time",1.03,2.35,0.54,2.35,0.0497,49.7,"01v2022","Carapace",10.18
"ll_121","Leptochelous","Dark","no",NA,NA,"by_time",1.03,2.35,0.54,2.35,0.0497,49.7,"01v2022","Claw",16.86
"ll_122","Brachychelous","Bright","no",NA,NA,"by_time",3.55,1.35,3.73,3.73,0.036,36,"01v2022","Carapace",7.86
"ll_122","Brachychelous","Bright","no",NA,NA,"by_time",3.55,1.35,3.73,3.73,0.036,36,"01v2022","Claw",13.4
"ll_123","Brachychelous","Dark","no",NA,NA,"by_time",0.32,0.27,0.35,0.35,0.0349,34.9,"01v2022","Carapace",9.01
"ll_123","Brachychelous","Dark","no",NA,NA,"by_time",0.32,0.27,0.35,0.35,0.0349,34.9,"01v2022","Claw",17.23
"ll_124","Brachychelous","Bright","no",NA,NA,"by_time",0.14,9.78,0.25,9.78,0.0681,68.1,"02v2022","Carapace",10
"ll_124","Brachychelous","Bright","no",NA,NA,"by_time",0.14,9.78,0.25,9.78,0.0681,68.1,"02v2022","Claw",19.73
"ll_125","Brachychelous","Dark","no",NA,NA,"by_time",0.28,6.11,3.32,6.11,0.062,62,"02v2022","Carapace",9.45
"ll_125","Brachychelous","Dark","no",NA,NA,"by_time",0.28,6.11,3.32,6.11,0.062,62,"02v2022","Claw",19.2
"ll_126","Leptochelous","Bright","no",NA,NA,"by_time",1.31,0.98,0.5,1.31,0.049,49,"02v2022","Carapace",9.81
"ll_126","Leptochelous","Bright","no",NA,NA,"by_time",1.31,0.98,0.5,1.31,0.049,49,"02v2022","Claw",18.47
"ll_127","Brachychelous","Dark","no",NA,NA,"by_time",1.19,2.87,0.37,2.87,0.0663,66.3,"02v2022","Carapace",9.95
"ll_127","Brachychelous","Dark","no",NA,NA,"by_time",1.19,2.87,0.37,2.87,0.0663,66.3,"02v2022","Claw",20.63
"ll_128","Brachychelous","Bright","no",NA,NA,"by_time",2.67,1.79,9.63,9.63,0.0694,69.4,"02v2022","Carapace",9.47
"ll_128","Brachychelous","Bright","no",NA,NA,"by_time",2.67,1.79,9.63,9.63,0.0694,69.4,"02v2022","Claw",18.15
"ll_129","Brachychelous","Dark","no",NA,NA,"by_time",0.28,0.28,4.32,4.32,0.0501,50.1,"02v2022","Carapace",9.61
"ll_129","Brachychelous","Dark","no",NA,NA,"by_time",0.28,0.28,4.32,4.32,0.0501,50.1,"02v2022","Claw",17.03
"ll_130","Brachychelous","Bright","no",NA,NA,"by_time",4.68,0.23,0.1,4.68,0.0524,52.4,"02v2022","Carapace",8.93
"ll_130","Brachychelous","Bright","no",NA,NA,"by_time",4.68,0.23,0.1,4.68,0.0524,52.4,"02v2022","Claw",18.24
"ll_131","Leptochelous","Dark","no",NA,NA,"by_time",0.11,0.04,0.05,0.11,0.0416,41.6,"02v2022","Carapace",9.04
"ll_131","Leptochelous","Dark","no",NA,NA,"by_time",0.11,0.04,0.05,0.11,0.0416,41.6,"02v2022","Claw",16.34
"ll_132","Brachychelous","Bright","no",NA,NA,"by_time",0.18,0.47,2.22,2.22,0.0379,37.9,"02v2022","Carapace",10.03
"ll_132","Brachychelous","Bright","no",NA,NA,"by_time",0.18,0.47,2.22,2.22,0.0379,37.9,"02v2022","Claw",16.53
"ll_133","Brachychelous","Dark","no",NA,NA,"by_time",9.25,2.32,5.75,9.25,0.0484,48.4,"02v2022","Carapace",9.18
"ll_133","Brachychelous","Dark","no",NA,NA,"by_time",9.25,2.32,5.75,9.25,0.0484,48.4,"02v2022","Claw",17.07
"ll_134","Brachychelous","Bright","no",NA,NA,"by_time",3,10.94,4.41,10.94,0.0563,56.3,"02v2022","Carapace",9.41
"ll_134","Brachychelous","Bright","no",NA,NA,"by_time",3,10.94,4.41,10.94,0.0563,56.3,"02v2022","Claw",18.06
"ll_135","Brachychelous","Dark","no",NA,NA,"by_time",1.49,1.28,0.19,1.49,0.1104,110.4,"02v2022","Carapace",11.84
"ll_135","Brachychelous","Dark","no",NA,NA,"by_time",1.49,1.28,0.19,1.49,0.1104,110.4,"02v2022","Claw",22.69
"ll_136","Brachychelous","Bright","no",NA,NA,"by_time",8.63,0.56,2.83,8.63,0.0687,68.7,"02v2022","Carapace",10.07
"ll_136","Brachychelous","Bright","no",NA,NA,"by_time",8.63,0.56,2.83,8.63,0.0687,68.7,"02v2022","Claw",17.48
"ll_137","Brachychelous","Dark","no",NA,NA,"by_time",2.78,3.79,2.65,3.79,0.0608,60.8,"02v2022","Carapace",9.55
"ll_137","Brachychelous","Dark","no",NA,NA,"by_time",2.78,3.79,2.65,3.79,0.0608,60.8,"02v2022","Claw",19.41
"ll_138","Brachychelous","Bright","no",NA,NA,"by_time",14.27,12.52,0.15,14.27,0.0786,78.6,"13vi2022","Carapace",9.59
"ll_138","Brachychelous","Bright","no",NA,NA,"by_time",14.27,12.52,0.15,14.27,0.0786,78.6,"13vi2022","Claw",20.63
"ll_139","Brachychelous","Dark","no",NA,NA,"by_time",2.19,5.19,0.05,5.19,0.0438,43.8,"13vi2022","Carapace",8.88
"ll_139","Brachychelous","Dark","no",NA,NA,"by_time",2.19,5.19,0.05,5.19,0.0438,43.8,"13vi2022","Claw",14.87
"ll_140","Brachychelous","Bright","no",NA,NA,"by_time",3.14,15.17,0.69,15.17,0.0793,79.3,"13vi2022","Carapace",10.34
"ll_140","Brachychelous","Bright","no",NA,NA,"by_time",3.14,15.17,0.69,15.17,0.0793,79.3,"13vi2022","Claw",20.82
"ll_141","Leptochelous","Dark","no",NA,NA,"by_time",0.07,0.1,0.22,0.22,0.0241,24.1,"13vi2022","Carapace",10.19
"ll_141","Leptochelous","Dark","no",NA,NA,"by_time",0.07,0.1,0.22,0.22,0.0241,24.1,"13vi2022","Claw",16.79
"ll_142","Brachychelous","Bright","no",NA,NA,"by_time",3.02,9.69,10.69,10.69,0.0667,66.7,"13vi2022","Carapace",9.38
"ll_142","Brachychelous","Bright","no",NA,NA,"by_time",3.02,9.69,10.69,10.69,0.0667,66.7,"13vi2022","Claw",18.82
"ll_143","Brachychelous","Dark","no",NA,NA,"by_time",8.63,1,0.04,8.63,0.0554,55.4,"13vi2022","Carapace",9.39
"ll_143","Brachychelous","Dark","no",NA,NA,"by_time",8.63,1,0.04,8.63,0.0554,55.4,"13vi2022","Claw",17.2
"ll_144","Brachychelous","Bright","no",NA,NA,"by_time",0.8,1,0.04,1,0.0614,61.4,"13vi2022","Carapace",9.87
"ll_144","Brachychelous","Bright","no",NA,NA,"by_time",0.8,1,0.04,1,0.0614,61.4,"13vi2022","Claw",17.92
"ll_145","Leptochelous","Dark","no",NA,NA,"by_time",0.05,0.04,0.06,0.06,0.0208,20.8,"13vi2022","Carapace",10.15
"ll_145","Leptochelous","Dark","no",NA,NA,"by_time",0.05,0.04,0.06,0.06,0.0208,20.8,"13vi2022","Claw",20.61
"ll_146","Brachychelous","Bright","no",NA,NA,"by_time",3.58,0.88,0.12,3.58,0.0717,71.7,"13vi2022","Carapace",9.95
"ll_146","Brachychelous","Bright","no",NA,NA,"by_time",3.58,0.88,0.12,3.58,0.0717,71.7,"13vi2022","Claw",19.21
"ll_147","Leptochelous","Dark","no",NA,NA,"by_time",2.22,0.42,0.07,2.22,0.0313,31.3,"13vi2022","Carapace",9.83
"ll_147","Leptochelous","Dark","no",NA,NA,"by_time",2.22,0.42,0.07,2.22,0.0313,31.3,"13vi2022","Claw",15.44
"ll_148","Brachychelous","Bright","no",NA,NA,"by_time",11.26,7.62,0.1,11.26,0.0736,73.6,"13vi2022","Carapace",10.05
"ll_148","Brachychelous","Bright","no",NA,NA,"by_time",11.26,7.62,0.1,11.26,0.0736,73.6,"13vi2022","Claw",19.16
"ll_149","Leptochelous","Dark","no",NA,NA,"by_time",0.29,0.18,0.05,0.29,0.0424,42.4,"13vi2022","Carapace",10.65
"ll_149","Leptochelous","Dark","no",NA,NA,"by_time",0.29,0.18,0.05,0.29,0.0424,42.4,"13vi2022","Claw",21.79
"ll_150","Leptochelous","Bright","no",NA,NA,"by_time",1.51,0.11,0.07,1.51,0.0494,49.4,"13vi2022","Carapace",9.9
"ll_150","Leptochelous","Bright","no",NA,NA,"by_time",1.51,0.11,0.07,1.51,0.0494,49.4,"13vi2022","Claw",18.54
"ll_151","Brachychelous","Dark","no",NA,NA,"by_time",5.23,0.75,8.63,8.63,0.061,61,"13vi2022","Carapace",9.87
"ll_151","Brachychelous","Dark","no",NA,NA,"by_time",5.23,0.75,8.63,8.63,0.061,61,"13vi2022","Claw",18.84
"ll_152","Leptochelous","Bright","no",NA,NA,"by_time",0.87,0.14,4.2,4.2,0.0488,48.8,"13vi2022","Carapace",9.33
"ll_152","Leptochelous","Bright","no",NA,NA,"by_time",0.87,0.14,4.2,4.2,0.0488,48.8,"13vi2022","Claw",18.3
"ll_153","Brachychelous","Dark","no",NA,NA,"by_time",0.11,0.13,0.09,0.13,0.0187,18.7,"13vi2022","Carapace",9.56
"ll_153","Brachychelous","Dark","no",NA,NA,"by_time",0.11,0.13,0.09,0.13,0.0187,18.7,"13vi2022","Claw",18.47
"ll_154","Brachychelous","Bright","yes",28,NA,"by_time",8.88,8.77,9.04,9.04,0.0508,50.8,"13vi2022","Carapace",9.8
"ll_154","Brachychelous","Bright","yes",28,NA,"by_time",8.88,8.77,9.04,9.04,0.0508,50.8,"13vi2022","Claw",17.33
"ll_155","Brachychelous","Dark","no",NA,NA,"by_time",0.2,0.11,0.1,0.2,0.0251,25.1,"13vi2022","Carapace",9.09
"ll_155","Brachychelous","Dark","no",NA,NA,"by_time",0.2,0.11,0.1,0.2,0.0251,25.1,"13vi2022","Claw",17.38
"ll_156","Brachychelous","Bright","no",NA,NA,"by_time",1.6,0.45,0.21,1.6,0.0874,87.4,"14vi2022","Carapace",10.5
"ll_156","Brachychelous","Bright","no",NA,NA,"by_time",1.6,0.45,0.21,1.6,0.0874,87.4,"14vi2022","Claw",23.05
"ll_157","Brachychelous","Dark","no",NA,NA,"by_time",9.44,0.72,0.09,9.44,0.0651,65.1,"14vi2022","Carapace",10.65
"ll_157","Brachychelous","Dark","no",NA,NA,"by_time",9.44,0.72,0.09,9.44,0.0651,65.1,"14vi2022","Claw",18.14
"ll_158","Brachychelous","Bright","no",NA,NA,"by_time",2.1,0.57,0.19,2.1,0.0795,79.5,"14vi2022","Carapace",10.16
"ll_158","Brachychelous","Bright","no",NA,NA,"by_time",2.1,0.57,0.19,2.1,0.0795,79.5,"14vi2022","Claw",22.37
"ll_159","Brachychelous","Dark","no",NA,NA,"by_time",0.94,0.58,1,1,0.07,70,"14vi2022","Carapace",10.51
"ll_159","Brachychelous","Dark","no",NA,NA,"by_time",0.94,0.58,1,1,0.07,70,"14vi2022","Claw",21.1
"ll_160","Brachychelous","Bright","no",NA,NA,"by_time",14.55,0.17,0.38,14.55,0.0681,68.1,"14vi2022","Carapace",10.49
"ll_160","Brachychelous","Bright","no",NA,NA,"by_time",14.55,0.17,0.38,14.55,0.0681,68.1,"14vi2022","Claw",20.15
"ll_161","Leptochelous","Dark","no",NA,NA,"by_time",1.1,0.33,0.03,1.1,0.0504,50.4,"14vi2022","Carapace",10.06
"ll_161","Leptochelous","Dark","no",NA,NA,"by_time",1.1,0.33,0.03,1.1,0.0504,50.4,"14vi2022","Claw",18.5
"ll_162","Brachychelous","Bright","yes",60,NA,"by_time",7.88,2.21,3.09,7.88,0.0718,71.8,"14vi2022","Carapace",9.94
"ll_162","Brachychelous","Bright","yes",60,NA,"by_time",7.88,2.21,3.09,7.88,0.0718,71.8,"14vi2022","Claw",20.78
"ll_163","Brachychelous","Dark","no",NA,NA,"by_time",7.52,1.51,0.22,7.52,0.0697,69.7,"14vi2022","Carapace",10.36
"ll_163","Brachychelous","Dark","no",NA,NA,"by_time",7.52,1.51,0.22,7.52,0.0697,69.7,"14vi2022","Claw",19.58
"ll_164","Brachychelous","Bright","no",NA,NA,"by_time",7.4,4.84,0.01,7.4,0.0651,65.1,"14vi2022","Carapace",9.13
"ll_164","Brachychelous","Bright","no",NA,NA,"by_time",7.4,4.84,0.01,7.4,0.0651,65.1,"14vi2022","Claw",18.7
"ll_165","Brachychelous","Dark","no",NA,NA,"by_time",7.58,0.54,0.54,7.58,0.0505,50.5,"14vi2022","Carapace",9.58
"ll_165","Brachychelous","Dark","no",NA,NA,"by_time",7.58,0.54,0.54,7.58,0.0505,50.5,"14vi2022","Claw",18.44
"ll_166","Brachychelous","Bright","no",NA,NA,"by_time",3.6,1.75,0.35,3.6,0.0572,57.2,"14vi2022","Carapace",9.2
"ll_166","Brachychelous","Bright","no",NA,NA,"by_time",3.6,1.75,0.35,3.6,0.0572,57.2,"14vi2022","Claw",17.44
"ll_167","Leptochelous","Dark","no",NA,NA,"by_time",0.6,0.45,0.46,0.6,0.0571,57.1,"14vi2022","Carapace",10.46
"ll_167","Leptochelous","Dark","no",NA,NA,"by_time",0.6,0.45,0.46,0.6,0.0571,57.1,"14vi2022","Claw",20.86
"ll_168","Leptochelous","Bright","no",NA,NA,"by_time",2.19,1.09,1.05,2.19,0.0571,57.1,"14vi2022","Carapace",10.87
"ll_168","Leptochelous","Bright","no",NA,NA,"by_time",2.19,1.09,1.05,2.19,0.0571,57.1,"14vi2022","Claw",20.2
"ll_169","Brachychelous","Dark","no",NA,NA,"by_time",7.53,1.65,0.19,7.53,0.0504,50.4,"14vi2022","Carapace",10.06
"ll_169","Brachychelous","Dark","no",NA,NA,"by_time",7.53,1.65,0.19,7.53,0.0504,50.4,"14vi2022","Claw",20.32
"ll_170","Leptochelous","Bright","no",NA,NA,"by_time",2.35,3.94,0.83,3.94,0.0617,61.7,"14vi2022","Carapace",10.26
"ll_170","Leptochelous","Bright","no",NA,NA,"by_time",2.35,3.94,0.83,3.94,0.0617,61.7,"14vi2022","Claw",21.94
"ll_171","Brachychelous","Dark","no",NA,NA,"by_time",4.57,0.36,0.32,4.57,0.0543,54.3,"14vi2022","Carapace",10.36
"ll_171","Brachychelous","Dark","no",NA,NA,"by_time",4.57,0.36,0.32,4.57,0.0543,54.3,"14vi2022","Claw",19.76
"ll_172","Brachychelous","Bright","no",NA,NA,"by_time",2.9,1.95,8.04,8.04,0.055,55,"14vi2022","Carapace",8.59
"ll_172","Brachychelous","Bright","no",NA,NA,"by_time",2.9,1.95,8.04,8.04,0.055,55,"14vi2022","Claw",19.01
"ll_173","Brachychelous","Dark","no",NA,NA,"by_time",3.04,7.76,2.89,7.76,0.0387,38.7,"14vi2022","Carapace",9.07
"ll_173","Brachychelous","Dark","no",NA,NA,"by_time",3.04,7.76,2.89,7.76,0.0387,38.7,"14vi2022","Claw",16.5
"ll_174","Leptochelous","Bright","no",NA,NA,"by_time",2.22,0.41,0.21,2.22,0.0535,53.5,"15vi2022","Carapace",10.68
"ll_174","Leptochelous","Bright","no",NA,NA,"by_time",2.22,0.41,0.21,2.22,0.0535,53.5,"15vi2022","Claw",20.04
"ll_175","Brachychelous","Dark","no",NA,NA,"by_time",0.29,0.19,0.09,0.29,0.0602,60.2,"15vi2022","Carapace",10.22
"ll_175","Brachychelous","Dark","no",NA,NA,"by_time",0.29,0.19,0.09,0.29,0.0602,60.2,"15vi2022","Claw",21.14
"ll_176","Brachychelous","Bright","no",NA,NA,"by_time",3.27,7.47,0.78,7.47,0.0681,68.1,"15vi2022","Carapace",10.32
"ll_176","Brachychelous","Bright","no",NA,NA,"by_time",3.27,7.47,0.78,7.47,0.0681,68.1,"15vi2022","Claw",20.72
"ll_177","Brachychelous","Dark","no",NA,NA,"by_time",7.15,0.18,0.06,7.15,0.0533,53.3,"15vi2022","Carapace",9.92
"ll_177","Brachychelous","Dark","no",NA,NA,"by_time",7.15,0.18,0.06,7.15,0.0533,53.3,"15vi2022","Claw",19.07
"ll_178","Leptochelous","Bright","no",NA,NA,"by_time",3.79,0.3,0.88,3.79,0.0543,54.3,"15vi2022","Carapace",10.56
"ll_178","Leptochelous","Bright","no",NA,NA,"by_time",3.79,0.3,0.88,3.79,0.0543,54.3,"15vi2022","Claw",22.34
"ll_179","Brachychelous","Dark","no",NA,NA,"by_time",0.49,0.93,0.46,0.93,0.0308,30.8,"15vi2022","Carapace",9.29
"ll_179","Brachychelous","Dark","no",NA,NA,"by_time",0.49,0.93,0.46,0.93,0.0308,30.8,"15vi2022","Claw",18.07
"ll_180","Brachychelous","Bright","no",NA,NA,"by_time",6.43,1.14,4.41,6.43,0.0558,55.8,"15vi2022","Carapace",9.26
"ll_180","Brachychelous","Bright","no",NA,NA,"by_time",6.43,1.14,4.41,6.43,0.0558,55.8,"15vi2022","Claw",17.98
"ll_181","Brachychelous","Dark","no",NA,NA,"by_time",3.41,0.66,0.35,3.41,0.0515,51.5,"15vi2022","Carapace",9.31
"ll_181","Brachychelous","Dark","no",NA,NA,"by_time",3.41,0.66,0.35,3.41,0.0515,51.5,"15vi2022","Claw",17.92
"ll_182","Brachychelous","Bright","no",NA,NA,"by_time",7.01,0.88,0.57,7.01,0.0645,64.5,"15vi2022","Carapace",10.48
"ll_182","Brachychelous","Bright","no",NA,NA,"by_time",7.01,0.88,0.57,7.01,0.0645,64.5,"15vi2022","Claw",21.04
"ll_183","Brachychelous","Dark","no",NA,NA,"by_time",0.74,2.63,0.38,2.63,0.0341,34.1,"15vi2022","Carapace",9.03
"ll_183","Brachychelous","Dark","no",NA,NA,"by_time",0.74,2.63,0.38,2.63,0.0341,34.1,"15vi2022","Claw",16.47
"ll_184","Leptochelous","Bright","no",NA,NA,"by_time",0.1,0.08,1.52,1.52,0.0493,49.3,"15vi2022","Carapace",9.74
"ll_184","Leptochelous","Bright","no",NA,NA,"by_time",0.1,0.08,1.52,1.52,0.0493,49.3,"15vi2022","Claw",17.92
"ll_185","Brachychelous","Dark","no",NA,NA,"by_time",3.36,0.01,0.14,3.36,0.0591,59.1,"15vi2022","Carapace",10.1
"ll_185","Brachychelous","Dark","no",NA,NA,"by_time",3.36,0.01,0.14,3.36,0.0591,59.1,"15vi2022","Claw",21.47
"ll_186","Brachychelous","Bright","no",NA,NA,"by_time",1.65,0.1,0.12,1.65,0.0274,27.4,"15vi2022","Carapace",9.22
"ll_186","Brachychelous","Bright","no",NA,NA,"by_time",1.65,0.1,0.12,1.65,0.0274,27.4,"15vi2022","Claw",17.53
"ll_187","Leptochelous","Dark","no",NA,NA,"by_time",1.83,2.41,0.59,2.41,0.0374,37.4,"15vi2022","Carapace",9.17
"ll_187","Leptochelous","Dark","no",NA,NA,"by_time",1.83,2.41,0.59,2.41,0.0374,37.4,"15vi2022","Claw",15.62
"ll_188","Brachychelous","Bright","no",NA,NA,"by_time",7.68,1.44,1.01,7.68,0.0569,56.9,"15vi2022","Carapace",9.34
"ll_188","Brachychelous","Bright","no",NA,NA,"by_time",7.68,1.44,1.01,7.68,0.0569,56.9,"15vi2022","Claw",17.78
"ll_189","Brachychelous","Dark","no",NA,NA,"by_time",2.65,10.69,0.6,10.69,0.0465,46.5,"15vi2022","Carapace",8.77
"ll_189","Brachychelous","Dark","no",NA,NA,"by_time",2.65,10.69,0.6,10.69,0.0465,46.5,"15vi2022","Claw",17.11
"ll_190","Brachychelous","Bright","no",NA,NA,"by_time",3.82,0.2,0.69,3.82,0.0661,66.1,"15vi2022","Carapace",9.19
"ll_190","Brachychelous","Bright","no",NA,NA,"by_time",3.82,0.2,0.69,3.82,0.0661,66.1,"15vi2022","Claw",17.55
"ll_191","Brachychelous","Dark","no",NA,NA,"by_time",12.31,1.64,0.26,12.31,0.0405,40.5,"15vi2022","Carapace",9.16
"ll_191","Brachychelous","Dark","no",NA,NA,"by_time",12.31,1.64,0.26,12.31,0.0405,40.5,"15vi2022","Claw",16.59
"ll_192","Brachychelous","Bright","no",NA,NA,"by_time",15.25,1.29,0.18,15.25,0.0632,63.2,"15vi2022","Carapace",10.41
"ll_192","Brachychelous","Bright","no",NA,NA,"by_time",15.25,1.29,0.18,15.25,0.0632,63.2,"15vi2022","Claw",19.8
"ll_193","Leptochelous","Dark","no",NA,NA,"by_time",0.28,0.85,7.58,7.58,0.0566,56.6,"15vi2022","Carapace",9.89
"ll_193","Leptochelous","Dark","no",NA,NA,"by_time",0.28,0.85,7.58,7.58,0.0566,56.6,"15vi2022","Claw",20.35
"ll_194","Brachychelous","Bright","no",NA,NA,"by_time",9.37,1.1,8.51,9.37,0.0606,60.6,"15vi2022","Carapace",9.68
"ll_194","Brachychelous","Bright","no",NA,NA,"by_time",9.37,1.1,8.51,9.37,0.0606,60.6,"15vi2022","Claw",19.4
"ll_195","Brachychelous","Dark","no",NA,NA,"by_time",2.97,1.52,0.11,2.97,0.0572,57.2,"15vi2022","Carapace",9.71
"ll_195","Brachychelous","Dark","no",NA,NA,"by_time",2.97,1.52,0.11,2.97,0.0572,57.2,"15vi2022","Claw",19.34
"ll_196","Brachychelous","Bright","no",NA,NA,"by_time",2.35,3.94,3.07,3.94,0.0591,59.1,"15vi2022","Carapace",9.71
"ll_196","Brachychelous","Bright","no",NA,NA,"by_time",2.35,3.94,3.07,3.94,0.0591,59.1,"15vi2022","Claw",17.57
"ll_197","Brachychelous","Dark","no",NA,NA,"by_time",1.89,0.99,0.15,1.89,0.0403,40.3,"15vi2022","Carapace",9.04
"ll_197","Brachychelous","Dark","no",NA,NA,"by_time",1.89,0.99,0.15,1.89,0.0403,40.3,"15vi2022","Claw",15.66
"ll_198","Brachychelous","Bright","no",NA,NA,"by_time",11.42,0.28,1.72,11.42,0.0607,60.7,"15vi2022","Carapace",9.52
"ll_198","Brachychelous","Bright","no",NA,NA,"by_time",11.42,0.28,1.72,11.42,0.0607,60.7,"15vi2022","Claw",18.47
"ll_199","Leptochelous","Dark","no",NA,NA,"by_time",3.1,2.09,2.51,3.1,0.033,33,"15vi2022","Carapace",10.24
"ll_199","Leptochelous","Dark","no",NA,NA,"by_time",3.1,2.09,2.51,3.1,0.033,33,"15vi2022","Claw",15.06
"ll_200","Brachychelous","Bright","yes",7,NA,"by_time",8.07,6.84,7.13,8.07,0.0593,59.3,"15vi2022","Carapace",9.98
"ll_200","Brachychelous","Bright","yes",7,NA,"by_time",8.07,6.84,7.13,8.07,0.0593,59.3,"15vi2022","Claw",17.79
"ll_201","Brachychelous","Dark","no",NA,NA,"by_time",3.89,0.49,0.5,3.89,0.0882,88.2,"26vii2022","Carapace",10.8
"ll_201","Brachychelous","Dark","no",NA,NA,"by_time",3.89,0.49,0.5,3.89,0.0882,88.2,"26vii2022","Claw",23.21
"ll_202","Brachychelous","Bright","no",NA,NA,"by_time",1.52,3.11,6.24,6.24,0.0678,67.8,"26vii2022","Carapace",9.46
"ll_202","Brachychelous","Bright","no",NA,NA,"by_time",1.52,3.11,6.24,6.24,0.0678,67.8,"26vii2022","Claw",19.37
"ll_203","Brachychelous","Dark","no",NA,NA,"by_time",6.15,11.13,0.4,11.13,0.097,97,"26vii2022","Carapace",10.52
"ll_203","Brachychelous","Dark","no",NA,NA,"by_time",6.15,11.13,0.4,11.13,0.097,97,"26vii2022","Claw",21.28
"ll_204","Brachychelous","Bright","no",NA,NA,"by_time",1.15,0.53,0.45,1.15,0.0748,74.8,"26vii2022","Carapace",8.98
"ll_204","Brachychelous","Bright","no",NA,NA,"by_time",1.15,0.53,0.45,1.15,0.0748,74.8,"26vii2022","Claw",19.73
"ll_205","Brachychelous","Dark","no",NA,NA,"by_time",2.25,9.73,3.23,9.73,0.0796,79.6,"26vii2022","Carapace",9.88
"ll_205","Brachychelous","Dark","no",NA,NA,"by_time",2.25,9.73,3.23,9.73,0.0796,79.6,"26vii2022","Claw",20.3
"ll_206","Leptochelous","Bright","no",NA,NA,"by_time",0.61,1.09,0.75,1.09,0.05,50,"26vii2022","Carapace",10
"ll_206","Leptochelous","Bright","no",NA,NA,"by_time",0.61,1.09,0.75,1.09,0.05,50,"26vii2022","Claw",18.19
"ll_207","Brachychelous","Dark","no",NA,NA,"by_time",0.94,2.16,0.29,2.16,0.0465,46.5,"26vii2022","Carapace",9.45
"ll_207","Brachychelous","Dark","no",NA,NA,"by_time",0.94,2.16,0.29,2.16,0.0465,46.5,"26vii2022","Claw",17.15
"ll_208","Brachychelous","Bright","no",NA,NA,"by_time",9.63,0.24,0.52,9.63,0.0719,71.9,"26vii2022","Carapace",9.57
"ll_208","Brachychelous","Bright","no",NA,NA,"by_time",9.63,0.24,0.52,9.63,0.0719,71.9,"26vii2022","Claw",19.92
"ll_209","Brachychelous","Dark","no",NA,NA,"by_time",4.82,2.23,1.94,4.82,0.0442,44.2,"26vii2022","Carapace",8.69
"ll_209","Brachychelous","Dark","no",NA,NA,"by_time",4.82,2.23,1.94,4.82,0.0442,44.2,"26vii2022","Claw",17.37
"ll_210","Brachychelous","Bright","no",NA,NA,"by_time",9.33,1.85,1.15,9.33,0.0707,70.7,"26vii2022","Carapace",8.92
"ll_210","Brachychelous","Bright","no",NA,NA,"by_time",9.33,1.85,1.15,9.33,0.0707,70.7,"26vii2022","Claw",18.03
"ll_211","Brachychelous","Dark","no",NA,NA,"by_time",1.84,1.31,0.35,1.84,0.0465,46.5,"26vii2022","Carapace",9.06
"ll_211","Brachychelous","Dark","no",NA,NA,"by_time",1.84,1.31,0.35,1.84,0.0465,46.5,"26vii2022","Claw",17.55
"ll_212","Brachychelous","Bright","no",NA,NA,"by_time",0.86,1.73,5.28,5.28,0.0804,80.4,"26vii2022","Carapace",8.62
"ll_212","Brachychelous","Bright","no",NA,NA,"by_time",0.86,1.73,5.28,5.28,0.0804,80.4,"26vii2022","Claw",19.89
"ll_213","Brachychelous","Dark","no",NA,NA,"by_time",9.62,11.81,0.23,11.81,0.065,65,"26vii2022","Carapace",9.39
"ll_213","Brachychelous","Dark","no",NA,NA,"by_time",9.62,11.81,0.23,11.81,0.065,65,"26vii2022","Claw",17.98
"ll_214","Brachychelous","Bright","no",NA,NA,"by_time",2.84,3.98,2.78,3.98,0.0665,66.5,"26vii2022","Carapace",9.39
"ll_214","Brachychelous","Bright","no",NA,NA,"by_time",2.84,3.98,2.78,3.98,0.0665,66.5,"26vii2022","Claw",19.09
"ll_215","Brachychelous","Dark","yes",38,NA,"by_time",1.25,0.75,0.51,1.25,0.0516,51.6,"26vii2022","Carapace",8.29
"ll_215","Brachychelous","Dark","yes",38,NA,"by_time",1.25,0.75,0.51,1.25,0.0516,51.6,"26vii2022","Claw",16.79
"ll_216","Brachychelous","Bright","no",NA,NA,"by_time",0.48,0.11,3.98,3.98,0.0617,61.7,"26vii2022","Carapace",9.51
"ll_216","Brachychelous","Bright","no",NA,NA,"by_time",0.48,0.11,3.98,3.98,0.0617,61.7,"26vii2022","Claw",19.87
"ll_217","Leptochelous","Dark","no",NA,NA,"by_time",0.76,2.19,0.16,2.19,0.0348,34.8,"26vii2022","Carapace",7.94
"ll_217","Leptochelous","Dark","no",NA,NA,"by_time",0.76,2.19,0.16,2.19,0.0348,34.8,"26vii2022","Claw",16.58
"ll_218","Brachychelous","Bright","no",NA,NA,"by_time",8.51,0.18,1.9,8.51,0.0661,66.1,"26vii2022","Carapace",8.67
"ll_218","Brachychelous","Bright","no",NA,NA,"by_time",8.51,0.18,1.9,8.51,0.0661,66.1,"26vii2022","Claw",18.14
"ll_219","Brachychelous","Dark","yes",0,NA,"by_time",12.72,6.98,0.08,12.72,0.0475,47.5,"26vii2022","Carapace",9.13
"ll_219","Brachychelous","Dark","yes",0,NA,"by_time",12.72,6.98,0.08,12.72,0.0475,47.5,"26vii2022","Claw",16.21
"ll_220","Brachychelous","Bright","no",NA,NA,"by_time",1.81,6.88,3.46,6.88,0.0455,45.5,"26vii2022","Carapace",7.94
"ll_220","Brachychelous","Bright","no",NA,NA,"by_time",1.81,6.88,3.46,6.88,0.0455,45.5,"26vii2022","Claw",16.39
"ll_221","Brachychelous","Dark","no",NA,NA,"by_time",2.75,2.81,0.25,2.81,0.0576,57.6,"27vii2022","Carapace",9.93
"ll_221","Brachychelous","Dark","no",NA,NA,"by_time",2.75,2.81,0.25,2.81,0.0576,57.6,"27vii2022","Claw",20.43
"ll_222","Brachychelous","Bright","no",NA,NA,"by_time",1.58,4.52,0.94,4.52,0.099,99,"27vii2022","Carapace",10.46
"ll_222","Brachychelous","Bright","no",NA,NA,"by_time",1.58,4.52,0.94,4.52,0.099,99,"27vii2022","Claw",22.59
"ll_223","Brachychelous","Dark","no",NA,NA,"by_time",9.57,11.07,8.07,11.07,0.0787,78.7,"27vii2022","Carapace",10.95
"ll_223","Brachychelous","Dark","no",NA,NA,"by_time",9.57,11.07,8.07,11.07,0.0787,78.7,"27vii2022","Claw",21.27
"ll_224","Leptochelous","Bright","no",NA,NA,"by_time",0.8,0.18,0.3,0.8,0.0648,64.8,"27vii2022","Carapace",10.91
"ll_224","Leptochelous","Bright","no",NA,NA,"by_time",0.8,0.18,0.3,0.8,0.0648,64.8,"27vii2022","Claw",22.27
"ll_225","Brachychelous","Dark","no",NA,NA,"by_time",0.74,1.05,7.71,7.71,0.0611,61.1,"27vii2022","Carapace",10.58
"ll_225","Brachychelous","Dark","no",NA,NA,"by_time",0.74,1.05,7.71,7.71,0.0611,61.1,"27vii2022","Claw",20.21
"ll_226","Brachychelous","Bright","no",NA,NA,"by_time",0.37,0.18,0.45,0.45,0.0763,76.3,"27vii2022","Carapace",9.48
"ll_226","Brachychelous","Bright","no",NA,NA,"by_time",0.37,0.18,0.45,0.45,0.0763,76.3,"27vii2022","Claw",19.45
"ll_227","Leptochelous","Dark","no",NA,2,"by_time",0.35,0.29,0.17,0.35,0.0347,34.7,"27vii2022","Carapace",9.89
"ll_227","Leptochelous","Dark","no",NA,2,"by_time",0.35,0.29,0.17,0.35,0.0347,34.7,"27vii2022","Claw",16.95
"ll_228","Brachychelous","Bright","no",NA,49,"by_trial",1.53,1.15,9.94,9.94,0.0663,66.3,"27vii2022","Carapace",9.56
"ll_228","Brachychelous","Bright","no",NA,49,"by_trial",1.53,1.15,9.94,9.94,0.0663,66.3,"27vii2022","Claw",19.04
"ll_229","Brachychelous","Dark","no",NA,82,"by_trial",10.92,8.37,8.2,10.92,0.0437,43.7,"27vii2022","Carapace",8.61
"ll_229","Brachychelous","Dark","no",NA,82,"by_trial",10.92,8.37,8.2,10.92,0.0437,43.7,"27vii2022","Claw",16.92
"ll_230","Brachychelous","Bright","no",NA,44,"by_trial",0.31,0.39,1.71,1.71,0.0588,58.8,"27vii2022","Carapace",9.22
"ll_230","Brachychelous","Bright","no",NA,44,"by_trial",0.31,0.39,1.71,1.71,0.0588,58.8,"27vii2022","Claw",17.86
"ll_231","Brachychelous","Dark","no",NA,100,"by_trial",16.53,0.28,0.15,16.53,0.0712,71.2,"27vii2022","Carapace",9.93
"ll_231","Brachychelous","Dark","no",NA,100,"by_trial",16.53,0.28,0.15,16.53,0.0712,71.2,"27vii2022","Claw",21.14
"ll_232","Brachychelous","Bright","no",NA,39,"by_trial",8.67,12.13,2.11,12.13,0.0653,65.3,"27vii2022","Carapace",9.34
"ll_232","Brachychelous","Bright","no",NA,39,"by_trial",8.67,12.13,2.11,12.13,0.0653,65.3,"27vii2022","Claw",19.59
"ll_233","Brachychelous","Dark","no",NA,10,"by_trial",1.56,0.51,0.31,1.56,0.0741,74.1,"27vii2022","Carapace",10.54
"ll_233","Brachychelous","Dark","no",NA,10,"by_trial",1.56,0.51,0.31,1.56,0.0741,74.1,"27vii2022","Claw",22.92
"ll_234","Brachychelous","Bright","no",NA,58,"by_trial",2.72,1.39,NA,2.72,0.0649,64.9,"27vii2022","Carapace",9.68
"ll_234","Brachychelous","Bright","no",NA,58,"by_trial",2.72,1.39,NA,2.72,0.0649,64.9,"27vii2022","Claw",19.01
"ll_235","Brachychelous","Dark","no",NA,NA,"by_trial",15.33,0.26,0.45,15.33,0.0757,75.7,"27vii2022","Carapace",9.63
"ll_235","Brachychelous","Dark","no",NA,NA,"by_trial",15.33,0.26,0.45,15.33,0.0757,75.7,"27vii2022","Claw",18.96
"ll_236","Brachychelous","Bright","no",NA,NA,"by_trial",0.25,0.27,0.11,0.27,0.0645,64.5,"27vii2022","Carapace",10.95
"ll_236","Brachychelous","Bright","no",NA,NA,"by_trial",0.25,0.27,0.11,0.27,0.0645,64.5,"27vii2022","Claw",21.73
"ll_237","Brachychelous","Dark","no",NA,NA,"by_trial",1.67,4.1,6.83,6.83,0.0506,50.6,"27vii2022","Carapace",10.32
"ll_237","Brachychelous","Dark","no",NA,NA,"by_trial",1.67,4.1,6.83,6.83,0.0506,50.6,"27vii2022","Claw",19.77
"ll_238","Brachychelous","Bright","no",NA,36,"by_trial",15.56,15.05,1.75,15.56,0.0632,63.2,"27vii2022","Carapace",9.45
"ll_238","Brachychelous","Bright","no",NA,36,"by_trial",15.56,15.05,1.75,15.56,0.0632,63.2,"27vii2022","Claw",19.21
"ll_239","Brachychelous","Dark","no",NA,NA,"by_trial",9.04,1.93,1.21,9.04,0.0502,50.2,"27vii2022","Carapace",9.65
"ll_239","Brachychelous","Dark","no",NA,NA,"by_trial",9.04,1.93,1.21,9.04,0.0502,50.2,"27vii2022","Claw",16.85
"ll_240","Brachychelous","Bright","no",NA,3,"by_trial",2.22,0.24,0.19,2.22,0.0566,56.6,"27vii2022","Carapace",9.95
"ll_240","Brachychelous","Bright","no",NA,3,"by_trial",2.22,0.24,0.19,2.22,0.0566,56.6,"27vii2022","Claw",20.26
"ll_241","Brachychelous","Dark","no",NA,3,"by_trial",3.56,5.63,1.97,5.63,NA,NA,"27vii2022","Carapace",10.96
"ll_241","Brachychelous","Dark","no",NA,3,"by_trial",3.56,5.63,1.97,5.63,NA,NA,"27vii2022","Claw",22.04
"ll_242","Brachychelous","Bright","no",NA,18,"by_trial",0.17,0.82,7.4,7.4,0.0553,55.3,"27vii2022","Carapace",9.1
"ll_242","Brachychelous","Bright","no",NA,18,"by_trial",0.17,0.82,7.4,7.4,0.0553,55.3,"27vii2022","Claw",17.12
"ll_243","Brachychelous","Dark","no",NA,NA,"by_trial",1.54,0.33,0.35,1.54,0.0451,45.1,"27vii2022","Carapace",9.07
"ll_243","Brachychelous","Dark","no",NA,NA,"by_trial",1.54,0.33,0.35,1.54,0.0451,45.1,"27vii2022","Claw",17.24
"ll_244","Brachychelous","Bright","no",NA,98,"by_trial",2,0.72,0.72,2,0.0708,70.8,"27vii2022","Carapace",9.71
"ll_244","Brachychelous","Bright","no",NA,98,"by_trial",2,0.72,0.72,2,0.0708,70.8,"27vii2022","Claw",19.33
"ll_245","Brachychelous","Dark","no",NA,1,"by_trial",3.46,2.94,0.56,3.46,0.0468,46.8,"27vii2022","Carapace",10.04
"ll_245","Brachychelous","Dark","no",NA,1,"by_trial",3.46,2.94,0.56,3.46,0.0468,46.8,"27vii2022","Claw",17.45
"ll_246","Brachychelous","Real",NA,NA,NA,NA,NA,NA,NA,NA,NA,NA,"16xi2024","Carapace",10.1
"ll_246","Brachychelous","Real",NA,NA,NA,NA,NA,NA,NA,NA,NA,NA,"16xi2024","Claw",20
"ll_247","Brachychelous","Real",NA,NA,NA,NA,NA,NA,NA,NA,NA,NA,"16xi2024","Carapace",9.9
"ll_247","Brachychelous","Real",NA,NA,NA,NA,NA,NA,NA,NA,NA,NA,"16xi2024","Claw",19.6
"ll_248","Brachychelous","Real",NA,NA,NA,NA,NA,NA,NA,NA,NA,NA,"16xi2024","Carapace",10.4
"ll_248","Brachychelous","Real",NA,NA,NA,NA,NA,NA,NA,NA,NA,NA,"16xi2024","Claw",21.1
"ll_249","Brachychelous","Real",NA,NA,NA,NA,NA,NA,NA,NA,NA,NA,"16xi2024","Carapace",10.6
"ll_249","Brachychelous","Real",NA,NA,NA,NA,NA,NA,NA,NA,NA,NA,"16xi2024","Claw",20.9
"ll_250","Brachychelous","Real",NA,NA,NA,NA,NA,NA,NA,NA,NA,NA,"16xi2024","Carapace",11.2
"ll_250","Brachychelous","Real",NA,NA,NA,NA,NA,NA,NA,NA,NA,NA,"16xi2024","Claw",21.9
"ll_251","Brachychelous","Real",NA,NA,NA,NA,NA,NA,NA,NA,NA,NA,"16xi2024","Carapace",9.7
"ll_251","Brachychelous","Real",NA,NA,NA,NA,NA,NA,NA,NA,NA,NA,"16xi2024","Claw",18.9
"ll_252","Brachychelous","Real",NA,NA,NA,NA,NA,NA,NA,NA,NA,NA,"16xi2024","Carapace",9.6
"ll_252","Brachychelous","Real",NA,NA,NA,NA,NA,NA,NA,NA,NA,NA,"16xi2024","Claw",18.1
"ll_253","Brachychelous","Real",NA,NA,NA,NA,NA,NA,NA,NA,NA,NA,"16xi2024","Carapace",10.3
"ll_253","Brachychelous","Real",NA,NA,NA,NA,NA,NA,NA,NA,NA,NA,"16xi2024","Claw",21.7
"ll_254","Brachychelous","Real",NA,NA,NA,NA,NA,NA,NA,NA,NA,NA,"16xi2024","Carapace",10.1
"ll_254","Brachychelous","Real",NA,NA,NA,NA,NA,NA,NA,NA,NA,NA,"16xi2024","Claw",19
"ll_255","Brachychelous","Real",NA,NA,NA,NA,NA,NA,NA,NA,NA,NA,"16xi2024","Carapace",7.9
"ll_255","Brachychelous","Real",NA,NA,NA,NA,NA,NA,NA,NA,NA,NA,"16xi2024","Claw",17.1
"ll_256","Brachychelous","Real",NA,NA,NA,NA,NA,NA,NA,NA,NA,NA,"16xi2024","Carapace",9.1
"ll_256","Brachychelous","Real",NA,NA,NA,NA,NA,NA,NA,NA,NA,NA,"16xi2024","Claw",15.2
"ll_257","Brachychelous","Real",NA,NA,NA,NA,NA,NA,NA,NA,NA,NA,"16xi2024","Carapace",9.6
"ll_257","Brachychelous","Real",NA,NA,NA,NA,NA,NA,NA,NA,NA,NA,"16xi2024","Claw",17.9
"ll_258","Brachychelous","Real",NA,NA,NA,NA,NA,NA,NA,NA,NA,NA,"16xi2024","Carapace",9.6
"ll_258","Brachychelous","Real",NA,NA,NA,NA,NA,NA,NA,NA,NA,NA,"16xi2024","Claw",18.2
"ll_259","Brachychelous","Real",NA,NA,NA,NA,NA,NA,NA,NA,NA,NA,"16xi2024","Carapace",7.6
"ll_259","Brachychelous","Real",NA,NA,NA,NA,NA,NA,NA,NA,NA,NA,"16xi2024","Claw",11.2
"ll_260","Brachychelous","Real",NA,NA,NA,NA,NA,NA,NA,NA,NA,NA,"16xi2024","Carapace",10.1
"ll_260","Brachychelous","Real",NA,NA,NA,NA,NA,NA,NA,NA,NA,NA,"16xi2024","Claw",21.6
"ll_261","Brachychelous","Real",NA,NA,NA,NA,NA,NA,NA,NA,NA,NA,"16xi2024","Carapace",9
"ll_261","Brachychelous","Real",NA,NA,NA,NA,NA,NA,NA,NA,NA,NA,"16xi2024","Claw",18.1
"ll_262","Brachychelous","Real",NA,NA,NA,NA,NA,NA,NA,NA,NA,NA,"16xi2024","Carapace",8
"ll_262","Brachychelous","Real",NA,NA,NA,NA,NA,NA,NA,NA,NA,NA,"16xi2024","Claw",12.6
"ll_263","Brachychelous","Real",NA,NA,NA,NA,NA,NA,NA,NA,NA,NA,"16xi2024","Carapace",8.5
"ll_263","Brachychelous","Real",NA,NA,NA,NA,NA,NA,NA,NA,NA,NA,"16xi2024","Claw",14.9
"ll_264","Brachychelous","Real",NA,NA,NA,NA,NA,NA,NA,NA,NA,NA,"16xi2024","Carapace",9.8
"ll_264","Brachychelous","Real",NA,NA,NA,NA,NA,NA,NA,NA,NA,NA,"16xi2024","Claw",17.8
"ll_265","Brachychelous","Real",NA,NA,NA,NA,NA,NA,NA,NA,NA,NA,"16xi2024","Carapace",8.9
"ll_265","Brachychelous","Real",NA,NA,NA,NA,NA,NA,NA,NA,NA,NA,"16xi2024","Claw",16.6
